Coin,5m,15m,30m,1h,2h,4h,12h,1d,5m_zone,5m_divergence,15m_zone,15m_divergence,30m_zone,30m_divergence,1h_zone,1h_divergence,2h_zone,2h_divergence,4h_zone,4h_divergence,12h_zone,12h_divergence,1d_zone,1d_divergence
BTCUSDT,36.5,37.5,41.9,42.9,42.0,43.5,56.4,57.4,Красная зона,Боковик/Слабый тренд,Красная зона,Боковик/Слабый тренд,Красная зона,Боковик/Слабый тренд,Красная зона,Боковик/Слабый тренд,Красная зона,Боковик/Слабый тренд,Красная зона,Боковик/Слабый тренд,Зеленая зона,Боковик/Слабый тренд,Зеленая зона,Боковик/Слабый тренд
ETHUSDT,35.4,31.5,31.2,31.4,35.0,38.5,48.1,49.7,Красная зона,Боковик/Слабый тренд,Красная зона,Боковик/Слабый тренд,Красная зона,Боковик/Слабый тренд,Красная зона,Боковик/Слабый тренд,Красная зона,Боковик/Слабый тренд,Красная зона,Боковик/Слабый тренд,Красная зона,Боковик/Слабый тренд,Красная зона,Боковик/Слабый тренд
BNBUSDT,39.7,34.9,39.5,41.2,41.2,42.6,53.2,51.8,Красная зона,Боковик/Слабый тренд,Красная зона,Боковик/Слабый тренд,Красная зона,Боковик/Слабый тренд,Красная зона,Боковик/Слабый тренд,Красная зона,Боковик/Слабый тренд,Красная зона,Боковик/Слабый тренд,Бежевая зона,Боковик/Слабый тренд,Бежевая зона,Боковик/Слабый тренд
NEOUSDT,45.3,41.1,45.9,49.5,49.0,48.9,53.7,52.4,Красная зона,Боковик/Слабый тренд,Красная зона,Боковик/Слабый тренд,Красная зона,Боковик/Слабый тренд,Красная зона,Боковик/Слабый тренд,Красная зона,Боковик/Слабый тренд,Красная зона,Боковик/Слабый тренд,Бежевая зона,Боковик/Слабый тренд,Бежевая зона,Боковик/Слабый тренд
LTCUSDT,39.0,39.2,43.1,47.7,48.9,48.4,52.4,51.4,Красная зона,Боковик/Слабый тренд,Красная зона,Боковик/Слабый тренд,Красная зона,Боковик/Слабый тренд,Красная зона,Боковик/Слабый тренд,Красная зона,Боковик/Слабый тренд,Красная зона,Боковик/Слабый тренд,Бежевая зона,Боковик/Слабый тренд,Бежевая зона,Боковик/Слабый тренд
QTUMUSDT,45.0,37.2,42.6,45.8,43.7,44.5,51.8,50.9,Красная зона,Боковик/Слабый тренд,Красная зона,Боковик/Слабый тренд,Красная зона,Боковик/Слабый тренд,Красная зона,Боковик/Слабый тренд,Красная зона,Боковик/Слабый тренд,Красная зона,Боковик/Слабый тренд,Бежевая зона,Боковик/Слабый тренд,Бежевая зона,Боковик/Слабый тренд
ADAUSDT,46.0,42.4,44.6,44.2,40.2,38.6,45.6,48.2,Красная зона,Боковик/Слабый тренд,Красная зона,Боковик/Слабый тренд,Красная зона,Боковик/Слабый тренд,Красная зона,Боковик/Слабый тренд,Красная зона,Боковик/Слабый тренд,Красная зона,Боковик/Слабый тренд,Красная зона,Боковик/Слабый тренд,Красная зона,Боковик/Слабый тренд
XRPUSDT,57.9,53.1,55.8,59.1,61.8,61.9,66.2,68.4,Зеленая зона,Боковик/Слабый тренд,Бежевая зона,Боковик/Слабый тренд,Зеленая зона,Боковик/Слабый тренд,Зеленая зона,Боковик/Слабый тренд,Зеленая зона,Боковик/Слабый тренд,Зеленая зона,Боковик/Слабый тренд,Зеленая зона,Боковик/Слабый тренд,Зеленая зона,Боковик/Слабый тренд
EOSUSDT,51.4,53.1,57.5,60.3,59.0,56.0,57.4,53.6,Бежевая зона,Боковик/Слабый тренд,Бежевая зона,Боковик/Слабый тренд,Зеленая зона,Боковик/Слабый тренд,Зеленая зона,Боковик/Слабый тренд,Зеленая зона,Боковик/Слабый тренд,Зеленая зона,Боковик/Слабый тренд,Зеленая зона,Боковик/Слабый тренд,Бежевая зона,Боковик/Слабый тренд
IOTAUSDT,43.2,38.7,42.7,44.3,44.1,43.6,48.5,46.7,Красная зона,Боковик/Слабый тренд,Красная зона,Боковик/Слабый тренд,Красная зона,Боковик/Слабый тренд,Красная зона,Боковик/Слабый тренд,Красная зона,Боковик/Слабый тренд,Красная зона,Боковик/Слабый тренд,Красная зона,Боковик/Слабый тренд,Красная зона,Боковик/Слабый тренд
XLMUSDT,43.8,43.3,48.5,52.5,52.3,49.8,53.9,56.9,Красная зона,Боковик/Слабый тренд,Красная зона,Боковик/Слабый тренд,Красная зона,Боковик/Слабый тренд,Бежевая зона,Боковик/Слабый тренд,Бежевая зона,Боковик/Слабый тренд,Красная зона,Боковик/Слабый тренд,Бежевая зона,Боковик/Слабый тренд,Зеленая зона,Боковик/Слабый тренд
ONTUSDT,41.5,34.3,41.1,44.0,42.9,43.0,49.5,47.2,Красная зона,Боковик/Слабый тренд,Красная зона,Боковик/Слабый тренд,Красная зона,Боковик/Слабый тренд,Красная зона,Боковик/Слабый тренд,Красная зона,Боковик/Слабый тренд,Красная зона,Боковик/Слабый тренд,Красная зона,Боковик/Слабый тренд,Красная зона,Боковик/Слабый тренд
TRXUSDT,47.1,46.6,50.6,54.2,54.9,52.8,53.2,59.3,Красная зона,Боковик/Слабый тренд,Красная зона,Боковик/Слабый тренд,Бежевая зона,Боковик/Слабый тренд,Бежевая зона,Боковик/Слабый тренд,Бежевая зона,Боковик/Слабый тренд,Бежевая зона,Боковик/Слабый тренд,Бежевая зона,Боковик/Слабый тренд,Зеленая зона,Боковик/Слабый тренд
ETCUSDT,42.2,33.0,32.5,35.3,37.0,39.7,48.8,48.4,Красная зона,Боковик/Слабый тренд,Красная зона,Боковик/Слабый тренд,Красная зона,Боковик/Слабый тренд,Красная зона,Боковик/Слабый тренд,Красная зона,Боковик/Слабый тренд,Красная зона,Боковик/Слабый тренд,Красная зона,Боковик/Слабый тренд,Красная зона,Боковик/Слабый тренд
ICXUSDT,41.3,39.2,43.0,43.8,42.1,40.2,48.1,47.8,Красная зона,Боковик/Слабый тренд,Красная зона,Боковик/Слабый тренд,Красная зона,Боковик/Слабый тренд,Красная зона,Боковик/Слабый тренд,Красная зона,Боковик/Слабый тренд,Красная зона,Боковик/Слабый тренд,Красная зона,Боковик/Слабый тренд,Красная зона,Боковик/Слабый тренд
VETUSDT,39.2,35.4,38.4,37.4,35.3,32.6,42.1,47.0,Красная зона,Боковик/Слабый тренд,Красная зона,Боковик/Слабый тренд,Красная зона,Боковик/Слабый тренд,Красная зона,Боковик/Слабый тренд,Красная зона,Боковик/Слабый тренд,Красная зона,Боковик/Слабый тренд,Красная зона,Боковик/Слабый тренд,Красная зона,Боковик/Слабый тренд
LINKUSDT,35.7,32.9,37.0,40.1,39.9,38.0,47.8,47.2,Красная зона,Боковик/Слабый тренд,Красная зона,Боковик/Слабый тренд,Красная зона,Боковик/Слабый тренд,Красная зона,Боковик/Слабый тренд,Красная зона,Боковик/Слабый тренд,Красная зона,Боковик/Слабый тренд,Красная зона,Боковик/Слабый тренд,Красная зона,Боковик/Слабый тренд
ONGUSDT,50.5,43.6,45.5,47.2,47.8,47.7,51.9,51.5,Бежевая зона,Боковик/Слабый тренд,Красная зона,Боковик/Слабый тренд,Красная зона,Боковик/Слабый тренд,Красная зона,Боковик/Слабый тренд,Красная зона,Боковик/Слабый тренд,Красная зона,Боковик/Слабый тренд,Бежевая зона,Боковик/Слабый тренд,Бежевая зона,Боковик/Слабый тренд
HOTUSDT,37.1,33.3,36.3,37.5,35.8,35.7,43.0,42.2,Красная зона,Боковик/Слабый тренд,Красная зона,Боковик/Слабый тренд,Красная зона,Боковик/Слабый тренд,Красная зона,Боковик/Слабый тренд,Красная зона,Боковик/Слабый тренд,Красная зона,Боковик/Слабый тренд,Красная зона,Боковик/Слабый тренд,Красная зона,Боковик/Слабый тренд
ZILUSDT,38.0,37.3,42.4,44.4,43.2,41.4,47.8,46.7,Красная зона,Боковик/Слабый тренд,Красная зона,Боковик/Слабый тренд,Красная зона,Боковик/Слабый тренд,Красная зона,Боковик/Слабый тренд,Красная зона,Боковик/Слабый тренд,Красная зона,Боковик/Слабый тренд,Красная зона,Боковик/Слабый тренд,Красная зона,Боковик/Слабый тренд
ZRXUSDT,40.8,41.8,45.9,47.9,47.2,47.9,55.5,52.1,Красная зона,Боковик/Слабый тренд,Красная зона,Боковик/Слабый тренд,Красная зона,Боковик/Слабый тренд,Красная зона,Боковик/Слабый тренд,Красная зона,Боковик/Слабый тренд,Красная зона,Боковик/Слабый тренд,Зеленая зона,Боковик/Слабый тренд,Бежевая зона,Боковик/Слабый тренд
FETUSDT,40.0,39.3,41.4,35.7,27.6,28.4,40.5,41.3,Красная зона,Боковик/Слабый тренд,Красная зона,Боковик/Слабый тренд,Красная зона,Боковик/Слабый тренд,Красная зона,Боковик/Слабый тренд,Красная зона,Зона бычьего дивера,Красная зона,Зона бычьего дивера,Красная зона,Боковик/Слабый тренд,Красная зона,Боковик/Слабый тренд
BATUSDT,42.9,39.6,44.7,48.7,48.6,47.8,51.0,50.5,Красная зона,Боковик/Слабый тренд,Красная зона,Боковик/Слабый тренд,Красная зона,Боковик/Слабый тренд,Красная зона,Боковик/Слабый тренд,Красная зона,Боковик/Слабый тренд,Красная зона,Боковик/Слабый тренд,Бежевая зона,Боковик/Слабый тренд,Бежевая зона,Боковик/Слабый тренд
ZECUSDT,53.2,53.8,51.7,48.2,47.6,45.9,57.0,62.0,Бежевая зона,Боковик/Слабый тренд,Бежевая зона,Боковик/Слабый тренд,Бежевая зона,Боковик/Слабый тренд,Красная зона,Боковик/Слабый тренд,Красная зона,Боковик/Слабый тренд,Красная зона,Боковик/Слабый тренд,Зеленая зона,Боковик/Слабый тренд,Зеленая зона,Боковик/Слабый тренд
IOSTUSDT,41.9,41.8,47.1,49.2,46.5,43.3,46.6,44.3,Красная зона,Боковик/Слабый тренд,Красная зона,Боковик/Слабый тренд,Красная зона,Боковик/Слабый тренд,Красная зона,Боковик/Слабый тренд,Красная зона,Боковик/Слабый тренд,Красная зона,Боковик/Слабый тренд,Красная зона,Боковик/Слабый тренд,Красная зона,Боковик/Слабый тренд
CELRUSDT,38.3,36.9,40.2,41.7,40.6,39.0,44.3,38.8,Красная зона,Боковик/Слабый тренд,Красная зона,Боковик/Слабый тренд,Красная зона,Боковик/Слабый тренд,Красная зона,Боковик/Слабый тренд,Красная зона,Боковик/Слабый тренд,Красная зона,Боковик/Слабый тренд,Красная зона,Боковик/Слабый тренд,Красная зона,Боковик/Слабый тренд
DASHUSDT,45.4,40.4,43.1,45.9,45.5,44.5,50.4,53.2,Красная зона,Боковик/Слабый тренд,Красная зона,Боковик/Слабый тренд,Красная зона,Боковик/Слабый тренд,Красная зона,Боковик/Слабый тренд,Красная зона,Боковик/Слабый тренд,Красная зона,Боковик/Слабый тренд,Бежевая зона,Боковик/Слабый тренд,Бежевая зона,Боковик/Слабый тренд
THETAUSDT,34.4,37.8,43.3,45.8,42.4,41.6,47.6,46.1,Красная зона,Боковик/Слабый тренд,Красная зона,Боковик/Слабый тренд,Красная зона,Боковик/Слабый тренд,Красная зона,Боковик/Слабый тренд,Красная зона,Боковик/Слабый тренд,Красная зона,Боковик/Слабый тренд,Красная зона,Боковик/Слабый тренд,Красная зона,Боковик/Слабый тренд
ENJUSDT,43.6,38.2,44.2,44.7,41.4,40.6,47.4,45.3,Красная зона,Боковик/Слабый тренд,Красная зона,Боковик/Слабый тренд,Красная зона,Боковик/Слабый тренд,Красная зона,Боковик/Слабый тренд,Красная зона,Боковик/Слабый тренд,Красная зона,Боковик/Слабый тренд,Красная зона,Боковик/Слабый тренд,Красная зона,Боковик/Слабый тренд
MATICUSDT,40.9,34.6,37.5,41.3,43.2,44.4,48.1,45.2,Красная зона,Боковик/Слабый тренд,Красная зона,Боковик/Слабый тренд,Красная зона,Боковик/Слабый тренд,Красная зона,Боковик/Слабый тренд,Красная зона,Боковик/Слабый тренд,Красная зона,Боковик/Слабый тренд,Красная зона,Боковик/Слабый тренд,Красная зона,Боковик/Слабый тренд
ATOMUSDT,36.0,32.9,37.1,37.9,38.3,38.3,43.3,40.4,Красная зона,Боковик/Слабый тренд,Красная зона,Боковик/Слабый тренд,Красная зона,Боковик/Слабый тренд,Красная зона,Боковик/Слабый тренд,Красная зона,Боковик/Слабый тренд,Красная зона,Боковик/Слабый тренд,Красная зона,Боковик/Слабый тренд,Красная зона,Боковик/Слабый тренд
ONEUSDT,31.7,27.6,31.3,31.0,31.2,33.2,42.6,41.6,Красная зона,Боковик/Слабый тренд,Красная зона,Зона бычьего дивера,Красная зона,Боковик/Слабый тренд,Красная зона,Боковик/Слабый тренд,Красная зона,Боковик/Слабый тренд,Красная зона,Боковик/Слабый тренд,Красная зона,Боковик/Слабый тренд,Красная зона,Боковик/Слабый тренд
FTMUSDT,39.3,33.6,35.4,35.5,35.3,35.1,43.2,41.7,Красная зона,Боковик/Слабый тренд,Красная зона,Боковик/Слабый тренд,Красная зона,Боковик/Слабый тренд,Красная зона,Боковик/Слабый тренд,Красная зона,Боковик/Слабый тренд,Красная зона,Боковик/Слабый тренд,Красная зона,Боковик/Слабый тренд,Красная зона,Боковик/Слабый тренд
ALGOUSDT,46.8,43.0,43.7,42.4,37.3,32.1,41.2,44.2,Красная зона,Боковик/Слабый тренд,Красная зона,Боковик/Слабый тренд,Красная зона,Боковик/Слабый тренд,Красная зона,Боковик/Слабый тренд,Красная зона,Боковик/Слабый тренд,Красная зона,Боковик/Слабый тренд,Красная зона,Боковик/Слабый тренд,Красная зона,Боковик/Слабый тренд
DOGEUSDT,40.3,37.0,39.6,39.2,39.3,44.3,54.9,54.2,Красная зона,Боковик/Слабый тренд,Красная зона,Боковик/Слабый тренд,Красная зона,Боковик/Слабый тренд,Красная зона,Боковик/Слабый тренд,Красная зона,Боковик/Слабый тренд,Красная зона,Боковик/Слабый тренд,Бежевая зона,Боковик/Слабый тренд,Бежевая зона,Боковик/Слабый тренд
DUSKUSDT,40.0,33.8,34.0,32.9,29.5,28.4,36.2,35.6,Красная зона,Боковик/Слабый тренд,Красная зона,Боковик/Слабый тренд,Красная зона,Боковик/Слабый тренд,Красная зона,Боковик/Слабый тренд,Красная зона,Зона бычьего дивера,Красная зона,Зона бычьего дивера,Красная зона,Боковик/Слабый тренд,Красная зона,Боковик/Слабый тренд
ANKRUSDT,40.0,39.8,44.1,46.1,45.5,44.6,51.9,49.6,Красная зона,Боковик/Слабый тренд,Красная зона,Боковик/Слабый тренд,Красная зона,Боковик/Слабый тренд,Красная зона,Боковик/Слабый тренд,Красная зона,Боковик/Слабый тренд,Красная зона,Боковик/Слабый тренд,Бежевая зона,Боковик/Слабый тренд,Красная зона,Боковик/Слабый тренд
MTLUSDT,38.3,33.5,39.7,42.1,38.3,37.2,46.3,44.1,Красная зона,Боковик/Слабый тренд,Красная зона,Боковик/Слабый тренд,Красная зона,Боковик/Слабый тренд,Красная зона,Боковик/Слабый тренд,Красная зона,Боковик/Слабый тренд,Красная зона,Боковик/Слабый тренд,Красная зона,Боковик/Слабый тренд,Красная зона,Боковик/Слабый тренд
DENTUSDT,42.3,38.3,44.7,45.4,43.9,43.8,49.6,46.3,Красная зона,Боковик/Слабый тренд,Красная зона,Боковик/Слабый тренд,Красная зона,Боковик/Слабый тренд,Красная зона,Боковик/Слабый тренд,Красная зона,Боковик/Слабый тренд,Красная зона,Боковик/Слабый тренд,Красная зона,Боковик/Слабый тренд,Красная зона,Боковик/Слабый тренд
KEYUSDT,35.4,36.4,41.4,43.1,37.4,37.2,44.1,42.8,Красная зона,Боковик/Слабый тренд,Красная зона,Боковик/Слабый тренд,Красная зона,Боковик/Слабый тренд,Красная зона,Боковик/Слабый тренд,Красная зона,Боковик/Слабый тренд,Красная зона,Боковик/Слабый тренд,Красная зона,Боковик/Слабый тренд,Красная зона,Боковик/Слабый тренд
CHZUSDT,42.7,41.7,45.0,46.1,44.2,41.1,46.4,40.3,Красная зона,Боковик/Слабый тренд,Красная зона,Боковик/Слабый тренд,Красная зона,Боковик/Слабый тренд,Красная зона,Боковик/Слабый тренд,Красная зона,Боковик/Слабый тренд,Красная зона,Боковик/Слабый тренд,Красная зона,Боковик/Слабый тренд,Красная зона,Боковик/Слабый тренд
BANDUSDT,48.8,46.4,49.5,49.8,49.5,51.7,59.9,57.9,Красная зона,Боковик/Слабый тренд,Красная зона,Боковик/Слабый тренд,Красная зона,Боковик/Слабый тренд,Красная зона,Боковик/Слабый тренд,Красная зона,Боковик/Слабый тренд,Бежевая зона,Боковик/Слабый тренд,Зеленая зона,Боковик/Слабый тренд,Зеленая зона,Боковик/Слабый тренд
XTZUSDT,47.1,38.7,41.1,43.0,41.0,36.8,41.5,42.1,Красная зона,Боковик/Слабый тренд,Красная зона,Боковик/Слабый тренд,Красная зона,Боковик/Слабый тренд,Красная зона,Боковик/Слабый тренд,Красная зона,Боковик/Слабый тренд,Красная зона,Боковик/Слабый тренд,Красная зона,Боковик/Слабый тренд,Красная зона,Боковик/Слабый тренд
RENUSDT,38.4,36.3,38.7,40.4,38.2,38.8,48.9,47.1,Красная зона,Боковик/Слабый тренд,Красная зона,Боковик/Слабый тренд,Красная зона,Боковик/Слабый тренд,Красная зона,Боковик/Слабый тренд,Красная зона,Боковик/Слабый тренд,Красная зона,Боковик/Слабый тренд,Красная зона,Боковик/Слабый тренд,Красная зона,Боковик/Слабый тренд
RVNUSDT,39.1,33.5,37.4,38.8,38.1,38.3,46.2,43.7,Красная зона,Боковик/Слабый тренд,Красная зона,Боковик/Слабый тренд,Красная зона,Боковик/Слабый тренд,Красная зона,Боковик/Слабый тренд,Красная зона,Боковик/Слабый тренд,Красная зона,Боковик/Слабый тренд,Красная зона,Боковик/Слабый тренд,Красная зона,Боковик/Слабый тренд
HBARUSDT,29.3,22.3,32.9,35.5,34.9,30.4,37.9,37.6,Красная зона,Зона бычьего дивера,Красная зона,Зона бычьего дивера,Красная зона,Боковик/Слабый тренд,Красная зона,Боковик/Слабый тренд,Красная зона,Боковик/Слабый тренд,Красная зона,Боковик/Слабый тренд,Красная зона,Боковик/Слабый тренд,Красная зона,Боковик/Слабый тренд
NKNUSDT,51.1,49.7,49.7,47.9,44.0,40.4,45.7,43.6,Бежевая зона,Боковик/Слабый тренд,Красная зона,Боковик/Слабый тренд,Красная зона,Боковик/Слабый тренд,Красная зона,Боковик/Слабый тренд,Красная зона,Боковик/Слабый тренд,Красная зона,Боковик/Слабый тренд,Красная зона,Боковик/Слабый тренд,Красная зона,Боковик/Слабый тренд
STXUSDT,37.2,36.7,40.7,42.4,40.2,38.1,47.4,48.9,Красная зона,Боковик/Слабый тренд,Красная зона,Боковик/Слабый тренд,Красная зона,Боковик/Слабый тренд,Красная зона,Боковик/Слабый тренд,Красная зона,Боковик/Слабый тренд,Красная зона,Боковик/Слабый тренд,Красная зона,Боковик/Слабый тренд,Красная зона,Боковик/Слабый тренд
KAVAUSDT,40.6,37.0,39.7,41.5,40.9,40.6,45.4,40.6,Красная зона,Боковик/Слабый тренд,Красная зона,Боковик/Слабый тренд,Красная зона,Боковик/Слабый тренд,Красная зона,Боковик/Слабый тренд,Красная зона,Боковик/Слабый тренд,Красная зона,Боковик/Слабый тренд,Красная зона,Боковик/Слабый тренд,Красная зона,Боковик/Слабый тренд
ARPAUSDT,39.8,36.7,40.6,40.6,37.4,35.8,42.7,38.6,Красная зона,Боковик/Слабый тренд,Красная зона,Боковик/Слабый тренд,Красная зона,Боковик/Слабый тренд,Красная зона,Боковик/Слабый тренд,Красная зона,Боковик/Слабый тренд,Красная зона,Боковик/Слабый тренд,Красная зона,Боковик/Слабый тренд,Красная зона,Боковик/Слабый тренд
IOTXUSDT,38.5,40.9,44.0,42.0,40.9,34.4,50.6,51.1,Красная зона,Боковик/Слабый тренд,Красная зона,Боковик/Слабый тренд,Красная зона,Боковик/Слабый тренд,Красная зона,Боковик/Слабый тренд,Красная зона,Боковик/Слабый тренд,Красная зона,Боковик/Слабый тренд,Бежевая зона,Боковик/Слабый тренд,Бежевая зона,Боковик/Слабый тренд
RLCUSDT,41.0,38.6,41.3,38.4,33.6,31.1,38.4,37.9,Красная зона,Боковик/Слабый тренд,Красная зона,Боковик/Слабый тренд,Красная зона,Боковик/Слабый тренд,Красная зона,Боковик/Слабый тренд,Красная зона,Боковик/Слабый тренд,Красная зона,Боковик/Слабый тренд,Красная зона,Боковик/Слабый тренд,Красная зона,Боковик/Слабый тренд
BCHUSDT,42.2,37.2,39.4,39.3,37.9,35.4,43.2,44.2,Красная зона,Боковик/Слабый тренд,Красная зона,Боковик/Слабый тренд,Красная зона,Боковик/Слабый тренд,Красная зона,Боковик/Слабый тренд,Красная зона,Боковик/Слабый тренд,Красная зона,Боковик/Слабый тренд,Красная зона,Боковик/Слабый тренд,Красная зона,Боковик/Слабый тренд
OGNUSDT,37.6,36.6,42.4,44.8,44.6,43.8,48.6,44.7,Красная зона,Боковик/Слабый тренд,Красная зона,Боковик/Слабый тренд,Красная зона,Боковик/Слабый тренд,Красная зона,Боковик/Слабый тренд,Красная зона,Боковик/Слабый тренд,Красная зона,Боковик/Слабый тренд,Красная зона,Боковик/Слабый тренд,Красная зона,Боковик/Слабый тренд
LSKUSDT,42.0,39.0,43.1,45.4,44.0,42.1,49.4,48.1,Красная зона,Боковик/Слабый тренд,Красная зона,Боковик/Слабый тренд,Красная зона,Боковик/Слабый тренд,Красная зона,Боковик/Слабый тренд,Красная зона,Боковик/Слабый тренд,Красная зона,Боковик/Слабый тренд,Красная зона,Боковик/Слабый тренд,Красная зона,Боковик/Слабый тренд
BNTUSDT,36.7,30.2,35.2,37.4,36.8,37.6,47.0,46.5,Красная зона,Боковик/Слабый тренд,Красная зона,Боковик/Слабый тренд,Красная зона,Боковик/Слабый тренд,Красная зона,Боковик/Слабый тренд,Красная зона,Боковик/Слабый тренд,Красная зона,Боковик/Слабый тренд,Красная зона,Боковик/Слабый тренд,Красная зона,Боковик/Слабый тренд
COTIUSDT,50.0,45.4,46.2,49.7,53.6,58.2,63.2,59.6,Бежевая зона,Боковик/Слабый тренд,Красная зона,Боковик/Слабый тренд,Красная зона,Боковик/Слабый тренд,Красная зона,Боковик/Слабый тренд,Бежевая зона,Боковик/Слабый тренд,Зеленая зона,Боковик/Слабый тренд,Зеленая зона,Боковик/Слабый тренд,Зеленая зона,Боковик/Слабый тренд
SOLUSDT,45.9,49.6,53.4,54.7,55.5,58.9,65.9,63.1,Красная зона,Боковик/Слабый тренд,Красная зона,Боковик/Слабый тренд,Бежевая зона,Боковик/Слабый тренд,Бежевая зона,Боковик/Слабый тренд,Зеленая зона,Боковик/Слабый тренд,Зеленая зона,Боковик/Слабый тренд,Зеленая зона,Боковик/Слабый тренд,Зеленая зона,Боковик/Слабый тренд
CTSIUSDT,42.8,35.1,35.3,33.9,33.9,33.3,42.5,40.8,Красная зона,Боковик/Слабый тренд,Красная зона,Боковик/Слабый тренд,Красная зона,Боковик/Слабый тренд,Красная зона,Боковик/Слабый тренд,Красная зона,Боковик/Слабый тренд,Красная зона,Боковик/Слабый тренд,Красная зона,Боковик/Слабый тренд,Красная зона,Боковик/Слабый тренд
CHRUSDT,47.9,48.3,50.9,49.0,39.7,36.7,42.1,42.4,Красная зона,Боковик/Слабый тренд,Красная зона,Боковик/Слабый тренд,Бежевая зона,Боковик/Слабый тренд,Красная зона,Боковик/Слабый тренд,Красная зона,Боковик/Слабый тренд,Красная зона,Боковик/Слабый тренд,Красная зона,Боковик/Слабый тренд,Красная зона,Боковик/Слабый тренд
STMXUSDT,30.6,38.4,49.9,59.3,66.2,77.3,88.4,80.1,Красная зона,Боковик/Слабый тренд,Красная зона,Боковик/Слабый тренд,Красная зона,Боковик/Слабый тренд,Зеленая зона,Боковик/Слабый тренд,Зеленая зона,Боковик/Слабый тренд,Зеленая зона,Зона медвежьего дивера,Зеленая зона,Зона медвежьего дивера,Зеленая зона,Зона медвежьего дивера
KNCUSDT,56.2,54.9,56.8,58.3,53.4,48.3,50.7,50.0,Зеленая зона,Боковик/Слабый тренд,Бежевая зона,Боковик/Слабый тренд,Зеленая зона,Боковик/Слабый тренд,Зеленая зона,Боковик/Слабый тренд,Бежевая зона,Боковик/Слабый тренд,Красная зона,Боковик/Слабый тренд,Бежевая зона,Боковик/Слабый тренд,Бежевая зона,Боковик/Слабый тренд
LRCUSDT,38.1,35.2,38.5,37.5,34.7,37.9,44.4,41.9,Красная зона,Боковик/Слабый тренд,Красная зона,Боковик/Слабый тренд,Красная зона,Боковик/Слабый тренд,Красная зона,Боковик/Слабый тренд,Красная зона,Боковик/Слабый тренд,Красная зона,Боковик/Слабый тренд,Красная зона,Боковик/Слабый тренд,Красная зона,Боковик/Слабый тренд
COMPUSDT,40.1,40.1,41.4,41.4,42.0,40.2,44.7,45.8,Красная зона,Боковик/Слабый тренд,Красная зона,Боковик/Слабый тренд,Красная зона,Боковик/Слабый тренд,Красная зона,Боковик/Слабый тренд,Красная зона,Боковик/Слабый тренд,Красная зона,Боковик/Слабый тренд,Красная зона,Боковик/Слабый тренд,Красная зона,Боковик/Слабый тренд
ZENUSDT,42.0,49.2,51.3,51.4,45.6,41.6,51.8,57.0,Красная зона,Боковик/Слабый тренд,Красная зона,Боковик/Слабый тренд,Бежевая зона,Боковик/Слабый тренд,Бежевая зона,Боковик/Слабый тренд,Красная зона,Боковик/Слабый тренд,Красная зона,Боковик/Слабый тренд,Бежевая зона,Боковик/Слабый тренд,Зеленая зона,Боковик/Слабый тренд
SNXUSDT,34.2,29.9,33.0,34.6,33.9,33.8,38.9,39.5,Красная зона,Боковик/Слабый тренд,Красная зона,Зона бычьего дивера,Красная зона,Боковик/Слабый тренд,Красная зона,Боковик/Слабый тренд,Красная зона,Боковик/Слабый тренд,Красная зона,Боковик/Слабый тренд,Красная зона,Боковик/Слабый тренд,Красная зона,Боковик/Слабый тренд
SXPUSDT,30.2,25.9,34.9,39.5,40.7,40.6,48.8,47.8,Красная зона,Боковик/Слабый тренд,Красная зона,Зона бычьего дивера,Красная зона,Боковик/Слабый тренд,Красная зона,Боковик/Слабый тренд,Красная зона,Боковик/Слабый тренд,Красная зона,Боковик/Слабый тренд,Красная зона,Боковик/Слабый тренд,Красная зона,Боковик/Слабый тренд
MKRUSDT,37.4,28.5,32.3,36.5,39.8,38.8,46.1,50.5,Красная зона,Боковик/Слабый тренд,Красная зона,Зона бычьего дивера,Красная зона,Боковик/Слабый тренд,Красная зона,Боковик/Слабый тренд,Красная зона,Боковик/Слабый тренд,Красная зона,Боковик/Слабый тренд,Красная зона,Боковик/Слабый тренд,Бежевая зона,Боковик/Слабый тренд
STORJUSDT,40.1,32.7,38.4,40.2,38.8,37.9,47.4,47.5,Красная зона,Боковик/Слабый тренд,Красная зона,Боковик/Слабый тренд,Красная зона,Боковик/Слабый тренд,Красная зона,Боковик/Слабый тренд,Красная зона,Боковик/Слабый тренд,Красная зона,Боковик/Слабый тренд,Красная зона,Боковик/Слабый тренд,Красная зона,Боковик/Слабый тренд
MANAUSDT,38.3,37.1,41.6,44.6,42.0,39.3,45.2,45.1,Красная зона,Боковик/Слабый тренд,Красная зона,Боковик/Слабый тренд,Красная зона,Боковик/Слабый тренд,Красная зона,Боковик/Слабый тренд,Красная зона,Боковик/Слабый тренд,Красная зона,Боковик/Слабый тренд,Красная зона,Боковик/Слабый тренд,Красная зона,Боковик/Слабый тренд
YFIUSDT,43.1,40.5,43.9,44.5,43.6,40.2,42.4,42.5,Красная зона,Боковик/Слабый тренд,Красная зона,Боковик/Слабый тренд,Красная зона,Боковик/Слабый тренд,Красная зона,Боковик/Слабый тренд,Красная зона,Боковик/Слабый тренд,Красная зона,Боковик/Слабый тренд,Красная зона,Боковик/Слабый тренд,Красная зона,Боковик/Слабый тренд
BALUSDT,43.8,36.5,39.2,46.0,50.3,52.0,52.3,47.0,Красная зона,Боковик/Слабый тренд,Красная зона,Боковик/Слабый тренд,Красная зона,Боковик/Слабый тренд,Красная зона,Боковик/Слабый тренд,Бежевая зона,Боковик/Слабый тренд,Бежевая зона,Боковик/Слабый тренд,Бежевая зона,Боковик/Слабый тренд,Красная зона,Боковик/Слабый тренд
BLZUSDT,40.2,40.1,44.3,45.6,40.4,36.3,41.1,40.6,Красная зона,Боковик/Слабый тренд,Красная зона,Боковик/Слабый тренд,Красная зона,Боковик/Слабый тренд,Красная зона,Боковик/Слабый тренд,Красная зона,Боковик/Слабый тренд,Красная зона,Боковик/Слабый тренд,Красная зона,Боковик/Слабый тренд,Красная зона,Боковик/Слабый тренд
CRVUSDT,42.4,36.4,39.1,40.0,39.5,37.4,41.1,40.1,Красная зона,Боковик/Слабый тренд,Красная зона,Боковик/Слабый тренд,Красная зона,Боковик/Слабый тренд,Красная зона,Боковик/Слабый тренд,Красная зона,Боковик/Слабый тренд,Красная зона,Боковик/Слабый тренд,Красная зона,Боковик/Слабый тренд,Красная зона,Боковик/Слабый тренд
SANDUSDT,38.6,39.9,44.5,47.6,44.8,42.8,47.9,46.5,Красная зона,Боковик/Слабый тренд,Красная зона,Боковик/Слабый тренд,Красная зона,Боковик/Слабый тренд,Красная зона,Боковик/Слабый тренд,Красная зона,Боковик/Слабый тренд,Красная зона,Боковик/Слабый тренд,Красная зона,Боковик/Слабый тренд,Красная зона,Боковик/Слабый тренд
NMRUSDT,37.8,30.1,34.3,35.2,35.3,37.5,43.3,38.2,Красная зона,Боковик/Слабый тренд,Красная зона,Боковик/Слабый тренд,Красная зона,Боковик/Слабый тренд,Красная зона,Боковик/Слабый тренд,Красная зона,Боковик/Слабый тренд,Красная зона,Боковик/Слабый тренд,Красная зона,Боковик/Слабый тренд,Красная зона,Боковик/Слабый тренд
DOTUSDT,38.5,30.6,34.4,32.8,32.9,31.2,39.6,41.9,Красная зона,Боковик/Слабый тренд,Красная зона,Боковик/Слабый тренд,Красная зона,Боковик/Слабый тренд,Красная зона,Боковик/Слабый тренд,Красная зона,Боковик/Слабый тренд,Красная зона,Боковик/Слабый тренд,Красная зона,Боковик/Слабый тренд,Красная зона,Боковик/Слабый тренд
RSRUSDT,34.9,34.6,38.6,41.8,41.7,40.6,47.8,46.9,Красная зона,Боковик/Слабый тренд,Красная зона,Боковик/Слабый тренд,Красная зона,Боковик/Слабый тренд,Красная зона,Боковик/Слабый тренд,Красная зона,Боковик/Слабый тренд,Красная зона,Боковик/Слабый тренд,Красная зона,Боковик/Слабый тренд,Красная зона,Боковик/Слабый тренд
TRBUSDT,39.6,40.7,43.5,44.9,41.7,37.1,40.0,39.1,Красная зона,Боковик/Слабый тренд,Красная зона,Боковик/Слабый тренд,Красная зона,Боковик/Слабый тренд,Красная зона,Боковик/Слабый тренд,Красная зона,Боковик/Слабый тренд,Красная зона,Боковик/Слабый тренд,Красная зона,Боковик/Слабый тренд,Красная зона,Боковик/Слабый тренд
SUSHIUSDT,44.4,44.3,45.7,45.1,42.0,38.5,42.2,39.7,Красная зона,Боковик/Слабый тренд,Красная зона,Боковик/Слабый тренд,Красная зона,Боковик/Слабый тренд,Красная зона,Боковик/Слабый тренд,Красная зона,Боковик/Слабый тренд,Красная зона,Боковик/Слабый тренд,Красная зона,Боковик/Слабый тренд,Красная зона,Боковик/Слабый тренд
KSMUSDT,45.7,34.9,38.1,38.0,35.4,33.5,40.5,39.1,Красная зона,Боковик/Слабый тренд,Красная зона,Боковик/Слабый тренд,Красная зона,Боковик/Слабый тренд,Красная зона,Боковик/Слабый тренд,Красная зона,Боковик/Слабый тренд,Красная зона,Боковик/Слабый тренд,Красная зона,Боковик/Слабый тренд,Красная зона,Боковик/Слабый тренд
EGLDUSDT,40.7,36.9,44.1,43.5,39.9,38.5,45.0,45.9,Красная зона,Боковик/Слабый тренд,Красная зона,Боковик/Слабый тренд,Красная зона,Боковик/Слабый тренд,Красная зона,Боковик/Слабый тренд,Красная зона,Боковик/Слабый тренд,Красная зона,Боковик/Слабый тренд,Красная зона,Боковик/Слабый тренд,Красная зона,Боковик/Слабый тренд
RUNEUSDT,27.6,29.0,33.8,40.4,42.6,45.8,56.7,56.1,Красная зона,Зона бычьего дивера,Красная зона,Зона бычьего дивера,Красная зона,Боковик/Слабый тренд,Красная зона,Боковик/Слабый тренд,Красная зона,Боковик/Слабый тренд,Красная зона,Боковик/Слабый тренд,Зеленая зона,Боковик/Слабый тренд,Зеленая зона,Боковик/Слабый тренд
UMAUSDT,32.6,32.2,36.2,37.3,38.7,39.7,47.5,46.3,Красная зона,Боковик/Слабый тренд,Красная зона,Боковик/Слабый тренд,Красная зона,Боковик/Слабый тренд,Красная зона,Боковик/Слабый тренд,Красная зона,Боковик/Слабый тренд,Красная зона,Боковик/Слабый тренд,Красная зона,Боковик/Слабый тренд,Красная зона,Боковик/Слабый тренд
BELUSDT,45.7,48.2,49.9,49.7,45.3,43.6,45.3,41.0,Красная зона,Боковик/Слабый тренд,Красная зона,Боковик/Слабый тренд,Красная зона,Боковик/Слабый тренд,Красная зона,Боковик/Слабый тренд,Красная зона,Боковик/Слабый тренд,Красная зона,Боковик/Слабый тренд,Красная зона,Боковик/Слабый тренд,Красная зона,Боковик/Слабый тренд
UNIUSDT,40.0,36.1,37.4,36.7,37.1,35.5,36.9,36.6,Красная зона,Боковик/Слабый тренд,Красная зона,Боковик/Слабый тренд,Красная зона,Боковик/Слабый тренд,Красная зона,Боковик/Слабый тренд,Красная зона,Боковик/Слабый тренд,Красная зона,Боковик/Слабый тренд,Красная зона,Боковик/Слабый тренд,Красная зона,Боковик/Слабый тренд
OXTUSDT,42.1,37.8,38.7,40.5,40.1,40.1,49.4,50.5,Красная зона,Боковик/Слабый тренд,Красная зона,Боковик/Слабый тренд,Красная зона,Боковик/Слабый тренд,Красная зона,Боковик/Слабый тренд,Красная зона,Боковик/Слабый тренд,Красная зона,Боковик/Слабый тренд,Красная зона,Боковик/Слабый тренд,Бежевая зона,Боковик/Слабый тренд
AVAXUSDT,43.1,38.9,38.2,38.4,38.2,42.1,50.7,51.1,Красная зона,Боковик/Слабый тренд,Красная зона,Боковик/Слабый тренд,Красная зона,Боковик/Слабый тренд,Красная зона,Боковик/Слабый тренд,Красная зона,Боковик/Слабый тренд,Красная зона,Боковик/Слабый тренд,Бежевая зона,Боковик/Слабый тренд,Бежевая зона,Боковик/Слабый тренд
FLMUSDT,43.4,39.3,42.3,43.4,42.2,41.3,49.2,48.5,Красная зона,Боковик/Слабый тренд,Красная зона,Боковик/Слабый тренд,Красная зона,Боковик/Слабый тренд,Красная зона,Боковик/Слабый тренд,Красная зона,Боковик/Слабый тренд,Красная зона,Боковик/Слабый тренд,Красная зона,Боковик/Слабый тренд,Красная зона,Боковик/Слабый тренд
XVSUSDT,40.1,37.1,41.2,43.1,42.8,43.4,54.3,51.3,Красная зона,Боковик/Слабый тренд,Красная зона,Боковик/Слабый тренд,Красная зона,Боковик/Слабый тренд,Красная зона,Боковик/Слабый тренд,Красная зона,Боковик/Слабый тренд,Красная зона,Боковик/Слабый тренд,Бежевая зона,Боковик/Слабый тренд,Бежевая зона,Боковик/Слабый тренд
ALPHAUSDT,39.4,36.0,39.4,40.0,38.2,37.5,44.0,40.9,Красная зона,Боковик/Слабый тренд,Красная зона,Боковик/Слабый тренд,Красная зона,Боковик/Слабый тренд,Красная зона,Боковик/Слабый тренд,Красная зона,Боковик/Слабый тренд,Красная зона,Боковик/Слабый тренд,Красная зона,Боковик/Слабый тренд,Красная зона,Боковик/Слабый тренд
AAVEUSDT,39.6,33.6,34.4,37.2,37.0,31.6,39.3,45.1,Красная зона,Боковик/Слабый тренд,Красная зона,Боковик/Слабый тренд,Красная зона,Боковик/Слабый тренд,Красная зона,Боковик/Слабый тренд,Красная зона,Боковик/Слабый тренд,Красная зона,Боковик/Слабый тренд,Красная зона,Боковик/Слабый тренд,Красная зона,Боковик/Слабый тренд
NEARUSDT,46.6,38.8,40.6,41.9,40.2,37.9,48.2,50.0,Красная зона,Боковик/Слабый тренд,Красная зона,Боковик/Слабый тренд,Красная зона,Боковик/Слабый тренд,Красная зона,Боковик/Слабый тренд,Красная зона,Боковик/Слабый тренд,Красная зона,Боковик/Слабый тренд,Красная зона,Боковик/Слабый тренд,Бежевая зона,Боковик/Слабый тренд
FILUSDT,33.1,24.3,27.6,30.1,33.3,36.4,45.3,45.8,Красная зона,Боковик/Слабый тренд,Красная зона,Зона бычьего дивера,Красная зона,Зона бычьего дивера,Красная зона,Боковик/Слабый тренд,Красная зона,Боковик/Слабый тренд,Красная зона,Боковик/Слабый тренд,Красная зона,Боковик/Слабый тренд,Красная зона,Боковик/Слабый тренд
INJUSDT,36.2,31.7,37.6,40.2,38.3,38.4,48.8,52.1,Красная зона,Боковик/Слабый тренд,Красная зона,Боковик/Слабый тренд,Красная зона,Боковик/Слабый тренд,Красная зона,Боковик/Слабый тренд,Красная зона,Боковик/Слабый тренд,Красная зона,Боковик/Слабый тренд,Красная зона,Боковик/Слабый тренд,Бежевая зона,Боковик/Слабый тренд
AXSUSDT,37.4,33.7,40.6,43.5,43.5,43.4,50.4,48.9,Красная зона,Боковик/Слабый тренд,Красная зона,Боковик/Слабый тренд,Красная зона,Боковик/Слабый тренд,Красная зона,Боковик/Слабый тренд,Красная зона,Боковик/Слабый тренд,Красная зона,Боковик/Слабый тренд,Бежевая зона,Боковик/Слабый тренд,Красная зона,Боковик/Слабый тренд
UNFIUSDT,47.1,45.6,47.4,48.5,46.2,44.1,44.6,44.1,Красная зона,Боковик/Слабый тренд,Красная зона,Боковик/Слабый тренд,Красная зона,Боковик/Слабый тренд,Красная зона,Боковик/Слабый тренд,Красная зона,Боковик/Слабый тренд,Красная зона,Боковик/Слабый тренд,Красная зона,Боковик/Слабый тренд,Красная зона,Боковик/Слабый тренд
ROSEUSDT,37.2,33.3,37.4,38.3,39.1,39.3,46.4,45.9,Красная зона,Боковик/Слабый тренд,Красная зона,Боковик/Слабый тренд,Красная зона,Боковик/Слабый тренд,Красная зона,Боковик/Слабый тренд,Красная зона,Боковик/Слабый тренд,Красная зона,Боковик/Слабый тренд,Красная зона,Боковик/Слабый тренд,Красная зона,Боковик/Слабый тренд
SKLUSDT,37.1,33.0,35.0,34.6,35.1,35.4,44.7,42.4,Красная зона,Боковик/Слабый тренд,Красная зона,Боковик/Слабый тренд,Красная зона,Боковик/Слабый тренд,Красная зона,Боковик/Слабый тренд,Красная зона,Боковик/Слабый тренд,Красная зона,Боковик/Слабый тренд,Красная зона,Боковик/Слабый тренд,Красная зона,Боковик/Слабый тренд
GRTUSDT,39.4,36.7,40.6,41.3,38.3,36.3,44.3,44.0,Красная зона,Боковик/Слабый тренд,Красная зона,Боковик/Слабый тренд,Красная зона,Боковик/Слабый тренд,Красная зона,Боковик/Слабый тренд,Красная зона,Боковик/Слабый тренд,Красная зона,Боковик/Слабый тренд,Красная зона,Боковик/Слабый тренд,Красная зона,Боковик/Слабый тренд
1INCHUSDT,41.4,32.1,32.0,28.5,27.7,25.5,35.5,40.9,Красная зона,Боковик/Слабый тренд,Красная зона,Боковик/Слабый тренд,Красная зона,Боковик/Слабый тренд,Красная зона,Зона бычьего дивера,Красная зона,Зона бычьего дивера,Красная зона,Зона бычьего дивера,Красная зона,Боковик/Слабый тренд,Красная зона,Боковик/Слабый тренд
REEFUSDT,47.8,46.8,49.5,50.9,47.5,45.3,50.9,48.9,Красная зона,Боковик/Слабый тренд,Красная зона,Боковик/Слабый тренд,Красная зона,Боковик/Слабый тренд,Бежевая зона,Боковик/Слабый тренд,Красная зона,Боковик/Слабый тренд,Красная зона,Боковик/Слабый тренд,Бежевая зона,Боковик/Слабый тренд,Красная зона,Боковик/Слабый тренд
CELOUSDT,38.0,33.6,37.4,40.6,39.3,40.4,47.7,46.3,Красная зона,Боковик/Слабый тренд,Красная зона,Боковик/Слабый тренд,Красная зона,Боковик/Слабый тренд,Красная зона,Боковик/Слабый тренд,Красная зона,Боковик/Слабый тренд,Красная зона,Боковик/Слабый тренд,Красная зона,Боковик/Слабый тренд,Красная зона,Боковик/Слабый тренд
RIFUSDT,43.2,37.8,40.6,39.7,36.6,33.4,41.1,36.6,Красная зона,Боковик/Слабый тренд,Красная зона,Боковик/Слабый тренд,Красная зона,Боковик/Слабый тренд,Красная зона,Боковик/Слабый тренд,Красная зона,Боковик/Слабый тренд,Красная зона,Боковик/Слабый тренд,Красная зона,Боковик/Слабый тренд,Красная зона,Боковик/Слабый тренд
TRUUSDT,44.4,47.7,51.9,52.6,48.3,42.0,46.4,45.8,Красная зона,Боковик/Слабый тренд,Красная зона,Боковик/Слабый тренд,Бежевая зона,Боковик/Слабый тренд,Бежевая зона,Боковик/Слабый тренд,Красная зона,Боковик/Слабый тренд,Красная зона,Боковик/Слабый тренд,Красная зона,Боковик/Слабый тренд,Красная зона,Боковик/Слабый тренд
CKBUSDT,47.8,50.1,53.9,55.0,54.5,51.2,54.2,51.4,Красная зона,Боковик/Слабый тренд,Бежевая зона,Боковик/Слабый тренд,Бежевая зона,Боковик/Слабый тренд,Бежевая зона,Боковик/Слабый тренд,Бежевая зона,Боковик/Слабый тренд,Бежевая зона,Боковик/Слабый тренд,Бежевая зона,Боковик/Слабый тренд,Бежевая зона,Боковик/Слабый тренд
TWTUSDT,41.6,41.7,42.4,41.4,38.3,34.2,39.6,40.3,Красная зона,Боковик/Слабый тренд,Красная зона,Боковик/Слабый тренд,Красная зона,Боковик/Слабый тренд,Красная зона,Боковик/Слабый тренд,Красная зона,Боковик/Слабый тренд,Красная зона,Боковик/Слабый тренд,Красная зона,Боковик/Слабый тренд,Красная зона,Боковик/Слабый тренд
LITUSDT,38.8,36.4,41.7,41.0,39.2,38.9,42.0,39.8,Красная зона,Боковик/Слабый тренд,Красная зона,Боковик/Слабый тренд,Красная зона,Боковик/Слабый тренд,Красная зона,Боковик/Слабый тренд,Красная зона,Боковик/Слабый тренд,Красная зона,Боковик/Слабый тренд,Красная зона,Боковик/Слабый тренд,Красная зона,Боковик/Слабый тренд
SFPUSDT,43.1,33.3,34.4,36.9,34.9,40.6,48.2,50.1,Красная зона,Боковик/Слабый тренд,Красная зона,Боковик/Слабый тренд,Красная зона,Боковик/Слабый тренд,Красная зона,Боковик/Слабый тренд,Красная зона,Боковик/Слабый тренд,Красная зона,Боковик/Слабый тренд,Красная зона,Боковик/Слабый тренд,Бежевая зона,Боковик/Слабый тренд
CAKEUSDT,41.1,38.4,41.8,42.1,41.2,39.4,45.7,42.1,Красная зона,Боковик/Слабый тренд,Красная зона,Боковик/Слабый тренд,Красная зона,Боковик/Слабый тренд,Красная зона,Боковик/Слабый тренд,Красная зона,Боковик/Слабый тренд,Красная зона,Боковик/Слабый тренд,Красная зона,Боковик/Слабый тренд,Красная зона,Боковик/Слабый тренд
BADGERUSDT,39.6,37.4,42.2,44.6,42.7,41.1,49.1,47.2,Красная зона,Боковик/Слабый тренд,Красная зона,Боковик/Слабый тренд,Красная зона,Боковик/Слабый тренд,Красная зона,Боковик/Слабый тренд,Красная зона,Боковик/Слабый тренд,Красная зона,Боковик/Слабый тренд,Красная зона,Боковик/Слабый тренд,Красная зона,Боковик/Слабый тренд
OMUSDT,37.1,37.4,38.1,39.4,38.9,39.0,53.8,61.7,Красная зона,Боковик/Слабый тренд,Красная зона,Боковик/Слабый тренд,Красная зона,Боковик/Слабый тренд,Красная зона,Боковик/Слабый тренд,Красная зона,Боковик/Слабый тренд,Красная зона,Боковик/Слабый тренд,Бежевая зона,Боковик/Слабый тренд,Зеленая зона,Боковик/Слабый тренд
ALICEUSDT,39.0,34.5,37.2,38.9,34.0,37.0,47.8,46.1,Красная зона,Боковик/Слабый тренд,Красная зона,Боковик/Слабый тренд,Красная зона,Боковик/Слабый тренд,Красная зона,Боковик/Слабый тренд,Красная зона,Боковик/Слабый тренд,Красная зона,Боковик/Слабый тренд,Красная зона,Боковик/Слабый тренд,Красная зона,Боковик/Слабый тренд
LINAUSDT,43.5,40.8,42.8,43.1,38.3,36.2,41.0,38.7,Красная зона,Боковик/Слабый тренд,Красная зона,Боковик/Слабый тренд,Красная зона,Боковик/Слабый тренд,Красная зона,Боковик/Слабый тренд,Красная зона,Боковик/Слабый тренд,Красная зона,Боковик/Слабый тренд,Красная зона,Боковик/Слабый тренд,Красная зона,Боковик/Слабый тренд
PERPUSDT,42.4,38.0,40.0,40.4,37.4,34.8,42.4,39.3,Красная зона,Боковик/Слабый тренд,Красная зона,Боковик/Слабый тренд,Красная зона,Боковик/Слабый тренд,Красная зона,Боковик/Слабый тренд,Красная зона,Боковик/Слабый тренд,Красная зона,Боковик/Слабый тренд,Красная зона,Боковик/Слабый тренд,Красная зона,Боковик/Слабый тренд
SUPERUSDT,43.7,46.4,53.0,58.3,58.5,60.5,61.6,55.9,Красная зона,Боковик/Слабый тренд,Красная зона,Боковик/Слабый тренд,Бежевая зона,Боковик/Слабый тренд,Зеленая зона,Боковик/Слабый тренд,Зеленая зона,Боковик/Слабый тренд,Зеленая зона,Боковик/Слабый тренд,Зеленая зона,Боковик/Слабый тренд,Зеленая зона,Боковик/Слабый тренд
CFXUSDT,38.1,36.5,41.5,44.4,42.6,37.7,45.5,47.3,Красная зона,Боковик/Слабый тренд,Красная зона,Боковик/Слабый тренд,Красная зона,Боковик/Слабый тренд,Красная зона,Боковик/Слабый тренд,Красная зона,Боковик/Слабый тренд,Красная зона,Боковик/Слабый тренд,Красная зона,Боковик/Слабый тренд,Красная зона,Боковик/Слабый тренд
TLMUSDT,41.7,36.4,41.4,42.1,39.5,39.3,46.4,45.1,Красная зона,Боковик/Слабый тренд,Красная зона,Боковик/Слабый тренд,Красная зона,Боковик/Слабый тренд,Красная зона,Боковик/Слабый тренд,Красная зона,Боковик/Слабый тренд,Красная зона,Боковик/Слабый тренд,Красная зона,Боковик/Слабый тренд,Красная зона,Боковик/Слабый тренд
BAKEUSDT,47.9,41.6,44.0,42.9,35.6,33.5,39.1,43.0,Красная зона,Боковик/Слабый тренд,Красная зона,Боковик/Слабый тренд,Красная зона,Боковик/Слабый тренд,Красная зона,Боковик/Слабый тренд,Красная зона,Боковик/Слабый тренд,Красная зона,Боковик/Слабый тренд,Красная зона,Боковик/Слабый тренд,Красная зона,Боковик/Слабый тренд
ICPUSDT,42.7,39.3,41.4,43.2,42.2,43.5,53.1,54.9,Красная зона,Боковик/Слабый тренд,Красная зона,Боковик/Слабый тренд,Красная зона,Боковик/Слабый тренд,Красная зона,Боковик/Слабый тренд,Красная зона,Боковик/Слабый тренд,Красная зона,Боковик/Слабый тренд,Бежевая зона,Боковик/Слабый тренд,Бежевая зона,Боковик/Слабый тренд
ARUSDT,36.8,37.5,44.3,47.2,45.8,46.4,55.3,54.8,Красная зона,Боковик/Слабый тренд,Красная зона,Боковик/Слабый тренд,Красная зона,Боковик/Слабый тренд,Красная зона,Боковик/Слабый тренд,Красная зона,Боковик/Слабый тренд,Красная зона,Боковик/Слабый тренд,Зеленая зона,Боковик/Слабый тренд,Бежевая зона,Боковик/Слабый тренд
MASKUSDT,40.9,38.3,41.5,43.2,41.1,40.7,45.5,43.8,Красная зона,Боковик/Слабый тренд,Красная зона,Боковик/Слабый тренд,Красная зона,Боковик/Слабый тренд,Красная зона,Боковик/Слабый тренд,Красная зона,Боковик/Слабый тренд,Красная зона,Боковик/Слабый тренд,Красная зона,Боковик/Слабый тренд,Красная зона,Боковик/Слабый тренд
LPTUSDT,42.1,38.6,42.8,43.7,40.0,40.4,47.5,47.2,Красная зона,Боковик/Слабый тренд,Красная зона,Боковик/Слабый тренд,Красная зона,Боковик/Слабый тренд,Красная зона,Боковик/Слабый тренд,Красная зона,Боковик/Слабый тренд,Красная зона,Боковик/Слабый тренд,Красная зона,Боковик/Слабый тренд,Красная зона,Боковик/Слабый тренд
XVGUSDT,30.0,31.1,37.0,41.6,41.4,40.5,47.2,48.0,Красная зона,Боковик/Слабый тренд,Красная зона,Боковик/Слабый тренд,Красная зона,Боковик/Слабый тренд,Красная зона,Боковик/Слабый тренд,Красная зона,Боковик/Слабый тренд,Красная зона,Боковик/Слабый тренд,Красная зона,Боковик/Слабый тренд,Красная зона,Боковик/Слабый тренд
ATAUSDT,41.3,36.6,40.5,41.5,39.2,40.0,46.4,40.4,Красная зона,Боковик/Слабый тренд,Красная зона,Боковик/Слабый тренд,Красная зона,Боковик/Слабый тренд,Красная зона,Боковик/Слабый тренд,Красная зона,Боковик/Слабый тренд,Красная зона,Боковик/Слабый тренд,Красная зона,Боковик/Слабый тренд,Красная зона,Боковик/Слабый тренд
GTCUSDT,56.4,52.2,53.6,57.0,57.9,59.4,58.1,48.9,Зеленая зона,Боковик/Слабый тренд,Бежевая зона,Боковик/Слабый тренд,Бежевая зона,Боковик/Слабый тренд,Зеленая зона,Боковик/Слабый тренд,Зеленая зона,Боковик/Слабый тренд,Зеленая зона,Боковик/Слабый тренд,Зеленая зона,Боковик/Слабый тренд,Красная зона,Боковик/Слабый тренд
KLAYUSDT,49.7,45.8,47.0,49.2,41.6,34.1,38.4,37.9,Красная зона,Боковик/Слабый тренд,Красная зона,Боковик/Слабый тренд,Красная зона,Боковик/Слабый тренд,Красная зона,Боковик/Слабый тренд,Красная зона,Боковик/Слабый тренд,Красная зона,Боковик/Слабый тренд,Красная зона,Боковик/Слабый тренд,Красная зона,Боковик/Слабый тренд
C98USDT,42.8,36.4,37.5,36.1,34.5,32.6,37.9,36.2,Красная зона,Боковик/Слабый тренд,Красная зона,Боковик/Слабый тренд,Красная зона,Боковик/Слабый тренд,Красная зона,Боковик/Слабый тренд,Красная зона,Боковик/Слабый тренд,Красная зона,Боковик/Слабый тренд,Красная зона,Боковик/Слабый тренд,Красная зона,Боковик/Слабый тренд
QNTUSDT,45.0,43.9,43.7,44.9,43.7,36.9,43.5,43.0,Красная зона,Боковик/Слабый тренд,Красная зона,Боковик/Слабый тренд,Красная зона,Боковик/Слабый тренд,Красная зона,Боковик/Слабый тренд,Красная зона,Боковик/Слабый тренд,Красная зона,Боковик/Слабый тренд,Красная зона,Боковик/Слабый тренд,Красная зона,Боковик/Слабый тренд
FLOWUSDT,44.2,51.6,58.7,70.4,69.1,66.8,64.1,57.8,Красная зона,Боковик/Слабый тренд,Бежевая зона,Боковик/Слабый тренд,Зеленая зона,Боковик/Слабый тренд,Зеленая зона,Зона медвежьего дивера,Зеленая зона,Боковик/Слабый тренд,Зеленая зона,Боковик/Слабый тренд,Зеленая зона,Боковик/Слабый тренд,Зеленая зона,Боковик/Слабый тренд
MINAUSDT,44.3,41.0,42.1,41.5,37.0,36.2,45.1,43.3,Красная зона,Боковик/Слабый тренд,Красная зона,Боковик/Слабый тренд,Красная зона,Боковик/Слабый тренд,Красная зона,Боковик/Слабый тренд,Красная зона,Боковик/Слабый тренд,Красная зона,Боковик/Слабый тренд,Красная зона,Боковик/Слабый тренд,Красная зона,Боковик/Слабый тренд
WAXPUSDT,35.3,33.0,38.5,41.1,38.9,39.3,46.9,44.9,Красная зона,Боковик/Слабый тренд,Красная зона,Боковик/Слабый тренд,Красная зона,Боковик/Слабый тренд,Красная зона,Боковик/Слабый тренд,Красная зона,Боковик/Слабый тренд,Красная зона,Боковик/Слабый тренд,Красная зона,Боковик/Слабый тренд,Красная зона,Боковик/Слабый тренд
DYDXUSDT,43.8,39.2,43.3,42.2,38.8,38.2,41.9,41.5,Красная зона,Боковик/Слабый тренд,Красная зона,Боковик/Слабый тренд,Красная зона,Боковик/Слабый тренд,Красная зона,Боковик/Слабый тренд,Красная зона,Боковик/Слабый тренд,Красная зона,Боковик/Слабый тренд,Красная зона,Боковик/Слабый тренд,Красная зона,Боковик/Слабый тренд
GALAUSDT,40.0,38.6,43.1,44.3,41.9,41.1,46.9,42.2,Красная зона,Боковик/Слабый тренд,Красная зона,Боковик/Слабый тренд,Красная зона,Боковик/Слабый тренд,Красная зона,Боковик/Слабый тренд,Красная зона,Боковик/Слабый тренд,Красная зона,Боковик/Слабый тренд,Красная зона,Боковик/Слабый тренд,Красная зона,Боковик/Слабый тренд
ILVUSDT,35.1,37.7,42.6,47.9,48.1,48.4,53.6,53.0,Красная зона,Боковик/Слабый тренд,Красная зона,Боковик/Слабый тренд,Красная зона,Боковик/Слабый тренд,Красная зона,Боковик/Слабый тренд,Красная зона,Боковик/Слабый тренд,Красная зона,Боковик/Слабый тренд,Бежевая зона,Боковик/Слабый тренд,Бежевая зона,Боковик/Слабый тренд
YGGUSDT,37.2,36.0,40.3,42.1,39.3,38.7,42.8,38.0,Красная зона,Боковик/Слабый тренд,Красная зона,Боковик/Слабый тренд,Красная зона,Боковик/Слабый тренд,Красная зона,Боковик/Слабый тренд,Красная зона,Боковик/Слабый тренд,Красная зона,Боковик/Слабый тренд,Красная зона,Боковик/Слабый тренд,Красная зона,Боковик/Слабый тренд
FRONTUSDT,37.6,36.0,40.3,41.4,37.6,36.9,44.8,42.8,Красная зона,Боковик/Слабый тренд,Красная зона,Боковик/Слабый тренд,Красная зона,Боковик/Слабый тренд,Красная зона,Боковик/Слабый тренд,Красная зона,Боковик/Слабый тренд,Красная зона,Боковик/Слабый тренд,Красная зона,Боковик/Слабый тренд,Красная зона,Боковик/Слабый тренд
AGLDUSDT,41.3,41.2,41.6,42.6,40.4,41.3,47.3,43.9,Красная зона,Боковик/Слабый тренд,Красная зона,Боковик/Слабый тренд,Красная зона,Боковик/Слабый тренд,Красная зона,Боковик/Слабый тренд,Красная зона,Боковик/Слабый тренд,Красная зона,Боковик/Слабый тренд,Красная зона,Боковик/Слабый тренд,Красная зона,Боковик/Слабый тренд
AUCTIONUSDT,33.7,33.6,38.6,46.3,48.5,50.7,55.4,52.7,Красная зона,Боковик/Слабый тренд,Красная зона,Боковик/Слабый тренд,Красная зона,Боковик/Слабый тренд,Красная зона,Боковик/Слабый тренд,Красная зона,Боковик/Слабый тренд,Бежевая зона,Боковик/Слабый тренд,Зеленая зона,Боковик/Слабый тренд,Бежевая зона,Боковик/Слабый тренд
DARUSDT,43.6,44.6,43.6,42.0,38.9,41.6,54.3,59.2,Красная зона,Боковик/Слабый тренд,Красная зона,Боковик/Слабый тренд,Красная зона,Боковик/Слабый тренд,Красная зона,Боковик/Слабый тренд,Красная зона,Боковик/Слабый тренд,Красная зона,Боковик/Слабый тренд,Бежевая зона,Боковик/Слабый тренд,Зеленая зона,Боковик/Слабый тренд
BNXUSDT,42.8,28.2,31.0,32.5,36.0,41.4,52.4,56.3,Красная зона,Боковик/Слабый тренд,Красная зона,Зона бычьего дивера,Красная зона,Боковик/Слабый тренд,Красная зона,Боковик/Слабый тренд,Красная зона,Боковик/Слабый тренд,Красная зона,Боковик/Слабый тренд,Бежевая зона,Боковик/Слабый тренд,Зеленая зона,Боковик/Слабый тренд
MOVRUSDT,43.8,39.8,41.7,43.4,42.9,42.2,50.4,49.6,Красная зона,Боковик/Слабый тренд,Красная зона,Боковик/Слабый тренд,Красная зона,Боковик/Слабый тренд,Красная зона,Боковик/Слабый тренд,Красная зона,Боковик/Слабый тренд,Красная зона,Боковик/Слабый тренд,Бежевая зона,Боковик/Слабый тренд,Красная зона,Боковик/Слабый тренд
ENSUSDT,34.2,27.4,25.3,34.9,41.1,46.5,50.6,51.2,Красная зона,Боковик/Слабый тренд,Красная зона,Зона бычьего дивера,Красная зона,Зона бычьего дивера,Красная зона,Боковик/Слабый тренд,Красная зона,Боковик/Слабый тренд,Красная зона,Боковик/Слабый тренд,Бежевая зона,Боковик/Слабый тренд,Бежевая зона,Боковик/Слабый тренд
POWRUSDT,40.4,39.6,45.4,47.6,46.4,45.9,51.9,51.0,Красная зона,Боковик/Слабый тренд,Красная зона,Боковик/Слабый тренд,Красная зона,Боковик/Слабый тренд,Красная зона,Боковик/Слабый тренд,Красная зона,Боковик/Слабый тренд,Красная зона,Боковик/Слабый тренд,Бежевая зона,Боковик/Слабый тренд,Бежевая зона,Боковик/Слабый тренд
JASMYUSDT,38.7,38.5,43.2,47.3,46.0,43.7,49.5,49.1,Красная зона,Боковик/Слабый тренд,Красная зона,Боковик/Слабый тренд,Красная зона,Боковик/Слабый тренд,Красная зона,Боковик/Слабый тренд,Красная зона,Боковик/Слабый тренд,Красная зона,Боковик/Слабый тренд,Красная зона,Боковик/Слабый тренд,Красная зона,Боковик/Слабый тренд
BICOUSDT,40.5,36.0,40.0,39.9,36.8,35.3,39.6,40.3,Красная зона,Боковик/Слабый тренд,Красная зона,Боковик/Слабый тренд,Красная зона,Боковик/Слабый тренд,Красная зона,Боковик/Слабый тренд,Красная зона,Боковик/Слабый тренд,Красная зона,Боковик/Слабый тренд,Красная зона,Боковик/Слабый тренд,Красная зона,Боковик/Слабый тренд
FXSUSDT,35.6,34.0,37.3,37.2,32.5,30.8,36.5,31.0,Красная зона,Боковик/Слабый тренд,Красная зона,Боковик/Слабый тренд,Красная зона,Боковик/Слабый тренд,Красная зона,Боковик/Слабый тренд,Красная зона,Боковик/Слабый тренд,Красная зона,Боковик/Слабый тренд,Красная зона,Боковик/Слабый тренд,Красная зона,Боковик/Слабый тренд
HIGHUSDT,40.4,42.3,46.7,46.8,40.1,39.8,46.3,39.5,Красная зона,Боковик/Слабый тренд,Красная зона,Боковик/Слабый тренд,Красная зона,Боковик/Слабый тренд,Красная зона,Боковик/Слабый тренд,Красная зона,Боковик/Слабый тренд,Красная зона,Боковик/Слабый тренд,Красная зона,Боковик/Слабый тренд,Красная зона,Боковик/Слабый тренд
PEOPLEUSDT,46.3,51.1,56.4,57.6,55.3,52.5,54.1,52.2,Красная зона,Боковик/Слабый тренд,Бежевая зона,Боковик/Слабый тренд,Зеленая зона,Боковик/Слабый тренд,Зеленая зона,Боковик/Слабый тренд,Зеленая зона,Боковик/Слабый тренд,Бежевая зона,Боковик/Слабый тренд,Бежевая зона,Боковик/Слабый тренд,Бежевая зона,Боковик/Слабый тренд
SPELLUSDT,42.6,38.6,42.5,43.5,40.9,39.2,46.0,42.1,Красная зона,Боковик/Слабый тренд,Красная зона,Боковик/Слабый тренд,Красная зона,Боковик/Слабый тренд,Красная зона,Боковик/Слабый тренд,Красная зона,Боковик/Слабый тренд,Красная зона,Боковик/Слабый тренд,Красная зона,Боковик/Слабый тренд,Красная зона,Боковик/Слабый тренд
JOEUSDT,35.8,34.2,36.4,39.4,43.2,47.3,54.9,55.5,Красная зона,Боковик/Слабый тренд,Красная зона,Боковик/Слабый тренд,Красная зона,Боковик/Слабый тренд,Красная зона,Боковик/Слабый тренд,Красная зона,Боковик/Слабый тренд,Красная зона,Боковик/Слабый тренд,Бежевая зона,Боковик/Слабый тренд,Зеленая зона,Боковик/Слабый тренд
ACHUSDT,43.7,48.2,54.7,58.4,55.2,51.4,52.1,50.7,Красная зона,Боковик/Слабый тренд,Красная зона,Боковик/Слабый тренд,Бежевая зона,Боковик/Слабый тренд,Зеленая зона,Боковик/Слабый тренд,Зеленая зона,Боковик/Слабый тренд,Бежевая зона,Боковик/Слабый тренд,Бежевая зона,Боковик/Слабый тренд,Бежевая зона,Боковик/Слабый тренд
IMXUSDT,31.5,30.7,36.8,40.7,40.9,42.4,50.0,48.4,Красная зона,Боковик/Слабый тренд,Красная зона,Боковик/Слабый тренд,Красная зона,Боковик/Слабый тренд,Красная зона,Боковик/Слабый тренд,Красная зона,Боковик/Слабый тренд,Красная зона,Боковик/Слабый тренд,Бежевая зона,Боковик/Слабый тренд,Красная зона,Боковик/Слабый тренд
API3USDT,48.2,43.8,47.3,47.5,43.7,40.6,43.5,42.4,Красная зона,Боковик/Слабый тренд,Красная зона,Боковик/Слабый тренд,Красная зона,Боковик/Слабый тренд,Красная зона,Боковик/Слабый тренд,Красная зона,Боковик/Слабый тренд,Красная зона,Боковик/Слабый тренд,Красная зона,Боковик/Слабый тренд,Красная зона,Боковик/Слабый тренд
WOOUSDT,30.2,30.6,37.2,42.0,41.3,40.7,46.1,42.9,Красная зона,Боковик/Слабый тренд,Красная зона,Боковик/Слабый тренд,Красная зона,Боковик/Слабый тренд,Красная зона,Боковик/Слабый тренд,Красная зона,Боковик/Слабый тренд,Красная зона,Боковик/Слабый тренд,Красная зона,Боковик/Слабый тренд,Красная зона,Боковик/Слабый тренд
TUSDT,39.7,41.3,44.5,45.3,41.7,40.8,49.8,47.4,Красная зона,Боковик/Слабый тренд,Красная зона,Боковик/Слабый тренд,Красная зона,Боковик/Слабый тренд,Красная зона,Боковик/Слабый тренд,Красная зона,Боковик/Слабый тренд,Красная зона,Боковик/Слабый тренд,Красная зона,Боковик/Слабый тренд,Красная зона,Боковик/Слабый тренд
ASTRUSDT,38.3,39.0,42.7,44.0,40.2,35.1,46.0,46.5,Красная зона,Боковик/Слабый тренд,Красная зона,Боковик/Слабый тренд,Красная зона,Боковик/Слабый тренд,Красная зона,Боковик/Слабый тренд,Красная зона,Боковик/Слабый тренд,Красная зона,Боковик/Слабый тренд,Красная зона,Боковик/Слабый тренд,Красная зона,Боковик/Слабый тренд
GMTUSDT,44.7,45.5,49.0,49.5,45.7,42.2,45.5,42.5,Красная зона,Боковик/Слабый тренд,Красная зона,Боковик/Слабый тренд,Красная зона,Боковик/Слабый тренд,Красная зона,Боковик/Слабый тренд,Красная зона,Боковик/Слабый тренд,Красная зона,Боковик/Слабый тренд,Красная зона,Боковик/Слабый тренд,Красная зона,Боковик/Слабый тренд
APEUSDT,48.9,41.9,44.0,45.1,44.7,44.6,46.9,42.8,Красная зона,Боковик/Слабый тренд,Красная зона,Боковик/Слабый тренд,Красная зона,Боковик/Слабый тренд,Красная зона,Боковик/Слабый тренд,Красная зона,Боковик/Слабый тренд,Красная зона,Боковик/Слабый тренд,Красная зона,Боковик/Слабый тренд,Красная зона,Боковик/Слабый тренд
STEEMUSDT,40.5,40.7,45.8,48.3,48.5,48.2,54.3,51.6,Красная зона,Боковик/Слабый тренд,Красная зона,Боковик/Слабый тренд,Красная зона,Боковик/Слабый тренд,Красная зона,Боковик/Слабый тренд,Красная зона,Боковик/Слабый тренд,Красная зона,Боковик/Слабый тренд,Бежевая зона,Боковик/Слабый тренд,Бежевая зона,Боковик/Слабый тренд
LDOUSDT,40.0,26.9,28.6,29.3,30.6,32.4,40.0,40.5,Красная зона,Боковик/Слабый тренд,Красная зона,Зона бычьего дивера,Красная зона,Зона бычьего дивера,Красная зона,Зона бычьего дивера,Красная зона,Боковик/Слабый тренд,Красная зона,Боковик/Слабый тренд,Красная зона,Боковик/Слабый тренд,Красная зона,Боковик/Слабый тренд
OPUSDT,34.6,24.9,27.9,31.6,34.9,38.8,46.7,47.7,Красная зона,Боковик/Слабый тренд,Красная зона,Зона бычьего дивера,Красная зона,Зона бычьего дивера,Красная зона,Боковик/Слабый тренд,Красная зона,Боковик/Слабый тренд,Красная зона,Боковик/Слабый тренд,Красная зона,Боковик/Слабый тренд,Красная зона,Боковик/Слабый тренд
LEVERUSDT,46.1,43.9,47.7,46.9,40.3,34.0,38.9,42.1,Красная зона,Боковик/Слабый тренд,Красная зона,Боковик/Слабый тренд,Красная зона,Боковик/Слабый тренд,Красная зона,Боковик/Слабый тренд,Красная зона,Боковик/Слабый тренд,Красная зона,Боковик/Слабый тренд,Красная зона,Боковик/Слабый тренд,Красная зона,Боковик/Слабый тренд
STGUSDT,41.9,37.1,41.8,42.5,40.2,38.2,46.5,41.7,Красная зона,Боковик/Слабый тренд,Красная зона,Боковик/Слабый тренд,Красная зона,Боковик/Слабый тренд,Красная зона,Боковик/Слабый тренд,Красная зона,Боковик/Слабый тренд,Красная зона,Боковик/Слабый тренд,Красная зона,Боковик/Слабый тренд,Красная зона,Боковик/Слабый тренд
GMXUSDT,32.1,24.6,27.3,29.3,30.5,37.3,52.0,51.6,Красная зона,Боковик/Слабый тренд,Красная зона,Зона бычьего дивера,Красная зона,Зона бычьего дивера,Красная зона,Зона бычьего дивера,Красная зона,Боковик/Слабый тренд,Красная зона,Боковик/Слабый тренд,Бежевая зона,Боковик/Слабый тренд,Бежевая зона,Боковик/Слабый тренд
POLYXUSDT,41.3,40.9,46.4,48.2,47.5,44.3,49.3,46.1,Красная зона,Боковик/Слабый тренд,Красная зона,Боковик/Слабый тренд,Красная зона,Боковик/Слабый тренд,Красная зона,Боковик/Слабый тренд,Красная зона,Боковик/Слабый тренд,Красная зона,Боковик/Слабый тренд,Красная зона,Боковик/Слабый тренд,Красная зона,Боковик/Слабый тренд
APTUSDT,41.6,40.4,42.5,41.6,39.5,39.7,49.0,49.5,Красная зона,Боковик/Слабый тренд,Красная зона,Боковик/Слабый тренд,Красная зона,Боковик/Слабый тренд,Красная зона,Боковик/Слабый тренд,Красная зона,Боковик/Слабый тренд,Красная зона,Боковик/Слабый тренд,Красная зона,Боковик/Слабый тренд,Красная зона,Боковик/Слабый тренд
HFTUSDT,46.9,42.9,43.1,42.8,44.2,46.6,53.0,49.8,Красная зона,Боковик/Слабый тренд,Красная зона,Боковик/Слабый тренд,Красная зона,Боковик/Слабый тренд,Красная зона,Боковик/Слабый тренд,Красная зона,Боковик/Слабый тренд,Красная зона,Боковик/Слабый тренд,Бежевая зона,Боковик/Слабый тренд,Красная зона,Боковик/Слабый тренд
PHBUSDT,39.1,38.1,41.7,41.8,38.3,36.6,44.5,43.3,Красная зона,Боковик/Слабый тренд,Красная зона,Боковик/Слабый тренд,Красная зона,Боковик/Слабый тренд,Красная зона,Боковик/Слабый тренд,Красная зона,Боковик/Слабый тренд,Красная зона,Боковик/Слабый тренд,Красная зона,Боковик/Слабый тренд,Красная зона,Боковик/Слабый тренд
HOOKUSDT,41.8,43.0,46.6,49.4,51.5,54.8,60.6,52.9,Красная зона,Боковик/Слабый тренд,Красная зона,Боковик/Слабый тренд,Красная зона,Боковик/Слабый тренд,Красная зона,Боковик/Слабый тренд,Бежевая зона,Боковик/Слабый тренд,Бежевая зона,Боковик/Слабый тренд,Зеленая зона,Боковик/Слабый тренд,Бежевая зона,Боковик/Слабый тренд
MAGICUSDT,38.5,35.6,37.5,38.1,35.6,34.6,38.8,36.7,Красная зона,Боковик/Слабый тренд,Красная зона,Боковик/Слабый тренд,Красная зона,Боковик/Слабый тренд,Красная зона,Боковик/Слабый тренд,Красная зона,Боковик/Слабый тренд,Красная зона,Боковик/Слабый тренд,Красная зона,Боковик/Слабый тренд,Красная зона,Боковик/Слабый тренд
HIFIUSDT,34.6,40.8,46.5,51.7,53.6,55.3,58.2,54.1,Красная зона,Боковик/Слабый тренд,Красная зона,Боковик/Слабый тренд,Красная зона,Боковик/Слабый тренд,Бежевая зона,Боковик/Слабый тренд,Бежевая зона,Боковик/Слабый тренд,Зеленая зона,Боковик/Слабый тренд,Зеленая зона,Боковик/Слабый тренд,Бежевая зона,Боковик/Слабый тренд
SSVUSDT,39.6,36.2,37.4,40.3,39.1,39.6,42.2,42.1,Красная зона,Боковик/Слабый тренд,Красная зона,Боковик/Слабый тренд,Красная зона,Боковик/Слабый тренд,Красная зона,Боковик/Слабый тренд,Красная зона,Боковик/Слабый тренд,Красная зона,Боковик/Слабый тренд,Красная зона,Боковик/Слабый тренд,Красная зона,Боковик/Слабый тренд
LQTYUSDT,42.6,40.1,41.1,40.0,37.3,33.9,41.8,41.2,Красная зона,Боковик/Слабый тренд,Красная зона,Боковик/Слабый тренд,Красная зона,Боковик/Слабый тренд,Красная зона,Боковик/Слабый тренд,Красная зона,Боковик/Слабый тренд,Красная зона,Боковик/Слабый тренд,Красная зона,Боковик/Слабый тренд,Красная зона,Боковик/Слабый тренд
AMBUSDT,38.1,34.5,38.0,38.6,32.6,32.3,38.6,38.8,Красная зона,Боковик/Слабый тренд,Красная зона,Боковик/Слабый тренд,Красная зона,Боковик/Слабый тренд,Красная зона,Боковик/Слабый тренд,Красная зона,Боковик/Слабый тренд,Красная зона,Боковик/Слабый тренд,Красная зона,Боковик/Слабый тренд,Красная зона,Боковик/Слабый тренд
USTCUSDT,51.9,44.6,47.8,49.9,50.6,51.2,56.9,56.0,Бежевая зона,Боковик/Слабый тренд,Красная зона,Боковик/Слабый тренд,Красная зона,Боковик/Слабый тренд,Красная зона,Боковик/Слабый тренд,Бежевая зона,Боковик/Слабый тренд,Бежевая зона,Боковик/Слабый тренд,Зеленая зона,Боковик/Слабый тренд,Зеленая зона,Боковик/Слабый тренд
GASUSDT,39.2,37.4,43.4,44.9,44.0,42.4,50.0,50.0,Красная зона,Боковик/Слабый тренд,Красная зона,Боковик/Слабый тренд,Красная зона,Боковик/Слабый тренд,Красная зона,Боковик/Слабый тренд,Красная зона,Боковик/Слабый тренд,Красная зона,Боковик/Слабый тренд,Бежевая зона,Боковик/Слабый тренд,Бежевая зона,Боковик/Слабый тренд
GLMUSDT,46.6,45.7,50.2,55.4,57.4,53.9,55.3,51.0,Красная зона,Боковик/Слабый тренд,Красная зона,Боковик/Слабый тренд,Бежевая зона,Боковик/Слабый тренд,Зеленая зона,Боковик/Слабый тренд,Зеленая зона,Боковик/Слабый тренд,Бежевая зона,Боковик/Слабый тренд,Зеленая зона,Боковик/Слабый тренд,Бежевая зона,Боковик/Слабый тренд
IDUSDT,38.6,36.3,39.1,42.9,40.8,42.2,50.6,48.2,Красная зона,Боковик/Слабый тренд,Красная зона,Боковик/Слабый тренд,Красная зона,Боковик/Слабый тренд,Красная зона,Боковик/Слабый тренд,Красная зона,Боковик/Слабый тренд,Красная зона,Боковик/Слабый тренд,Бежевая зона,Боковик/Слабый тренд,Красная зона,Боковик/Слабый тренд
ARBUSDT,43.7,35.5,34.3,35.3,39.5,43.0,49.0,47.0,Красная зона,Боковик/Слабый тренд,Красная зона,Боковик/Слабый тренд,Красная зона,Боковик/Слабый тренд,Красная зона,Боковик/Слабый тренд,Красная зона,Боковик/Слабый тренд,Красная зона,Боковик/Слабый тренд,Красная зона,Боковик/Слабый тренд,Красная зона,Боковик/Слабый тренд
LOOMUSDT,41.2,34.4,36.8,35.9,39.1,43.5,53.6,53.8,Красная зона,Боковик/Слабый тренд,Красная зона,Боковик/Слабый тренд,Красная зона,Боковик/Слабый тренд,Красная зона,Боковик/Слабый тренд,Красная зона,Боковик/Слабый тренд,Красная зона,Боковик/Слабый тренд,Бежевая зона,Боковик/Слабый тренд,Бежевая зона,Боковик/Слабый тренд
RDNTUSDT,42.6,39.2,41.5,40.2,38.1,38.7,40.9,35.5,Красная зона,Боковик/Слабый тренд,Красная зона,Боковик/Слабый тренд,Красная зона,Боковик/Слабый тренд,Красная зона,Боковик/Слабый тренд,Красная зона,Боковик/Слабый тренд,Красная зона,Боковик/Слабый тренд,Красная зона,Боковик/Слабый тренд,Красная зона,Боковик/Слабый тренд
EDUUSDT,37.0,27.2,28.4,35.3,39.0,41.9,49.4,50.9,Красная зона,Боковик/Слабый тренд,Красная зона,Зона бычьего дивера,Красная зона,Зона бычьего дивера,Красная зона,Боковик/Слабый тренд,Красная зона,Боковик/Слабый тренд,Красная зона,Боковик/Слабый тренд,Красная зона,Боковик/Слабый тренд,Бежевая зона,Боковик/Слабый тренд
SUIUSDT,39.0,37.0,40.1,40.4,39.2,38.3,45.5,46.4,Красная зона,Боковик/Слабый тренд,Красная зона,Боковик/Слабый тренд,Красная зона,Боковик/Слабый тренд,Красная зона,Боковик/Слабый тренд,Красная зона,Боковик/Слабый тренд,Красная зона,Боковик/Слабый тренд,Красная зона,Боковик/Слабый тренд,Красная зона,Боковик/Слабый тренд
COMBOUSDT,39.1,38.1,42.6,42.9,38.2,35.4,37.1,34.7,Красная зона,Боковик/Слабый тренд,Красная зона,Боковик/Слабый тренд,Красная зона,Боковик/Слабый тренд,Красная зона,Боковик/Слабый тренд,Красная зона,Боковик/Слабый тренд,Красная зона,Боковик/Слабый тренд,Красная зона,Боковик/Слабый тренд,Красная зона,Боковик/Слабый тренд
MAVUSDT,43.6,44.4,47.1,46.3,41.8,38.5,40.4,35.8,Красная зона,Боковик/Слабый тренд,Красная зона,Боковик/Слабый тренд,Красная зона,Боковик/Слабый тренд,Красная зона,Боковик/Слабый тренд,Красная зона,Боковик/Слабый тренд,Красная зона,Боковик/Слабый тренд,Красная зона,Боковик/Слабый тренд,Красная зона,Боковик/Слабый тренд
PENDLEUSDT,47.1,31.7,27.2,29.4,28.4,31.0,38.3,39.3,Красная зона,Боковик/Слабый тренд,Красная зона,Боковик/Слабый тренд,Красная зона,Зона бычьего дивера,Красная зона,Зона бычьего дивера,Красная зона,Зона бычьего дивера,Красная зона,Боковик/Слабый тренд,Красная зона,Боковик/Слабый тренд,Красная зона,Боковик/Слабый тренд
ARKMUSDT,37.3,36.2,38.6,37.7,33.5,31.8,40.4,39.3,Красная зона,Боковик/Слабый тренд,Красная зона,Боковик/Слабый тренд,Красная зона,Боковик/Слабый тренд,Красная зона,Боковик/Слабый тренд,Красная зона,Боковик/Слабый тренд,Красная зона,Боковик/Слабый тренд,Красная зона,Боковик/Слабый тренд,Красная зона,Боковик/Слабый тренд
WLDUSDT,39.9,41.1,46.7,47.8,42.5,38.5,44.9,42.4,Красная зона,Боковик/Слабый тренд,Красная зона,Боковик/Слабый тренд,Красная зона,Боковик/Слабый тренд,Красная зона,Боковик/Слабый тренд,Красная зона,Боковик/Слабый тренд,Красная зона,Боковик/Слабый тренд,Красная зона,Боковик/Слабый тренд,Красная зона,Боковик/Слабый тренд
SEIUSDT,39.5,36.3,39.7,39.3,39.4,41.2,50.3,50.3,Красная зона,Боковик/Слабый тренд,Красная зона,Боковик/Слабый тренд,Красная зона,Боковик/Слабый тренд,Красная зона,Боковик/Слабый тренд,Красная зона,Боковик/Слабый тренд,Красная зона,Боковик/Слабый тренд,Бежевая зона,Боковик/Слабый тренд,Бежевая зона,Боковик/Слабый тренд
CYBERUSDT,35.7,34.4,38.5,40.8,37.0,37.0,40.9,36.0,Красная зона,Боковик/Слабый тренд,Красная зона,Боковик/Слабый тренд,Красная зона,Боковик/Слабый тренд,Красная зона,Боковик/Слабый тренд,Красная зона,Боковик/Слабый тренд,Красная зона,Боковик/Слабый тренд,Красная зона,Боковик/Слабый тренд,Красная зона,Боковик/Слабый тренд
ARKUSDT,39.5,42.5,47.2,49.4,46.3,46.7,51.4,43.6,Красная зона,Боковик/Слабый тренд,Красная зона,Боковик/Слабый тренд,Красная зона,Боковик/Слабый тренд,Красная зона,Боковик/Слабый тренд,Красная зона,Боковик/Слабый тренд,Красная зона,Боковик/Слабый тренд,Бежевая зона,Боковик/Слабый тренд,Красная зона,Боковик/Слабый тренд
NTRNUSDT,35.3,26.9,31.5,31.6,33.8,35.3,44.3,45.6,Красная зона,Боковик/Слабый тренд,Красная зона,Зона бычьего дивера,Красная зона,Боковик/Слабый тренд,Красная зона,Боковик/Слабый тренд,Красная зона,Боковик/Слабый тренд,Красная зона,Боковик/Слабый тренд,Красная зона,Боковик/Слабый тренд,Красная зона,Боковик/Слабый тренд
TIAUSDT,54.0,46.6,45.1,37.1,33.4,37.5,46.0,46.3,Бежевая зона,Боковик/Слабый тренд,Красная зона,Боковик/Слабый тренд,Красная зона,Боковик/Слабый тренд,Красная зона,Боковик/Слабый тренд,Красная зона,Боковик/Слабый тренд,Красная зона,Боковик/Слабый тренд,Красная зона,Боковик/Слабый тренд,Красная зона,Боковик/Слабый тренд
MEMEUSDT,40.2,37.6,38.5,38.8,39.3,37.7,44.0,41.0,Красная зона,Боковик/Слабый тренд,Красная зона,Боковик/Слабый тренд,Красная зона,Боковик/Слабый тренд,Красная зона,Боковик/Слабый тренд,Красная зона,Боковик/Слабый тренд,Красная зона,Боковик/Слабый тренд,Красная зона,Боковик/Слабый тренд,Красная зона,Боковик/Слабый тренд
ORDIUSDT,44.5,46.0,49.9,49.3,44.1,43.3,50.3,49.4,Красная зона,Боковик/Слабый тренд,Красная зона,Боковик/Слабый тренд,Красная зона,Боковик/Слабый тренд,Красная зона,Боковик/Слабый тренд,Красная зона,Боковик/Слабый тренд,Красная зона,Боковик/Слабый тренд,Бежевая зона,Боковик/Слабый тренд,Красная зона,Боковик/Слабый тренд
BEAMXUSDT,29.6,31.4,33.5,31.4,30.9,33.2,47.5,46.9,Красная зона,Зона бычьего дивера,Красная зона,Боковик/Слабый тренд,Красная зона,Боковик/Слабый тренд,Красная зона,Боковик/Слабый тренд,Красная зона,Боковик/Слабый тренд,Красная зона,Боковик/Слабый тренд,Красная зона,Боковик/Слабый тренд,Красная зона,Боковик/Слабый тренд
BLURUSDT,32.8,30.7,37.2,39.1,38.5,41.1,49.8,44.2,Красная зона,Боковик/Слабый тренд,Красная зона,Боковик/Слабый тренд,Красная зона,Боковик/Слабый тренд,Красная зона,Боковик/Слабый тренд,Красная зона,Боковик/Слабый тренд,Красная зона,Боковик/Слабый тренд,Красная зона,Боковик/Слабый тренд,Красная зона,Боковик/Слабый тренд
VANRYUSDT,42.2,42.4,45.3,45.0,42.5,40.1,48.8,45.3,Красная зона,Боковик/Слабый тренд,Красная зона,Боковик/Слабый тренд,Красная зона,Боковик/Слабый тренд,Красная зона,Боковик/Слабый тренд,Красная зона,Боковик/Слабый тренд,Красная зона,Боковик/Слабый тренд,Красная зона,Боковик/Слабый тренд,Красная зона,Боковик/Слабый тренд
JTOUSDT,66.9,74.4,82.0,77.6,69.5,62.0,60.7,57.3,Зеленая зона,Боковик/Слабый тренд,Зеленая зона,Зона медвежьего дивера,Зеленая зона,Зона медвежьего дивера,Зеленая зона,Зона медвежьего дивера,Зеленая зона,Боковик/Слабый тренд,Зеленая зона,Боковик/Слабый тренд,Зеленая зона,Боковик/Слабый тренд,Зеленая зона,Боковик/Слабый тренд
1000SATSUSDT,48.0,61.3,70.6,73.8,68.4,60.1,62.1,61.1,Красная зона,Боковик/Слабый тренд,Зеленая зона,Боковик/Слабый тренд,Зеленая зона,Зона медвежьего дивера,Зеленая зона,Зона медвежьего дивера,Зеленая зона,Боковик/Слабый тренд,Зеленая зона,Боковик/Слабый тренд,Зеленая зона,Боковик/Слабый тренд,Зеленая зона,Боковик/Слабый тренд
ACEUSDT,40.3,39.1,37.4,35.1,36.3,37.3,41.6,37.1,Красная зона,Боковик/Слабый тренд,Красная зона,Боковик/Слабый тренд,Красная зона,Боковик/Слабый тренд,Красная зона,Боковик/Слабый тренд,Красная зона,Боковик/Слабый тренд,Красная зона,Боковик/Слабый тренд,Красная зона,Боковик/Слабый тренд,Красная зона,Боковик/Слабый тренд
NFPUSDT,38.8,36.3,42.0,45.4,44.4,43.7,47.4,43.5,Красная зона,Боковик/Слабый тренд,Красная зона,Боковик/Слабый тренд,Красная зона,Боковик/Слабый тренд,Красная зона,Боковик/Слабый тренд,Красная зона,Боковик/Слабый тренд,Красная зона,Боковик/Слабый тренд,Красная зона,Боковик/Слабый тренд,Красная зона,Боковик/Слабый тренд
AIUSDT,34.0,28.1,35.3,34.9,32.3,34.9,39.1,33.8,Красная зона,Боковик/Слабый тренд,Красная зона,Зона бычьего дивера,Красная зона,Боковик/Слабый тренд,Красная зона,Боковик/Слабый тренд,Красная зона,Боковик/Слабый тренд,Красная зона,Боковик/Слабый тренд,Красная зона,Боковик/Слабый тренд,Красная зона,Боковик/Слабый тренд
XAIUSDT,43.3,40.8,42.7,42.3,38.6,39.6,42.9,36.7,Красная зона,Боковик/Слабый тренд,Красная зона,Боковик/Слабый тренд,Красная зона,Боковик/Слабый тренд,Красная зона,Боковик/Слабый тренд,Красная зона,Боковик/Слабый тренд,Красная зона,Боковик/Слабый тренд,Красная зона,Боковик/Слабый тренд,Красная зона,Боковик/Слабый тренд
MANTAUSDT,41.7,38.8,39.6,36.9,37.3,38.8,46.0,43.2,Красная зона,Боковик/Слабый тренд,Красная зона,Боковик/Слабый тренд,Красная зона,Боковик/Слабый тренд,Красная зона,Боковик/Слабый тренд,Красная зона,Боковик/Слабый тренд,Красная зона,Боковик/Слабый тренд,Красная зона,Боковик/Слабый тренд,Красная зона,Боковик/Слабый тренд
ALTUSDT,40.1,36.7,39.6,41.9,41.1,39.1,45.0,38.4,Красная зона,Боковик/Слабый тренд,Красная зона,Боковик/Слабый тренд,Красная зона,Боковик/Слабый тренд,Красная зона,Боковик/Слабый тренд,Красная зона,Боковик/Слабый тренд,Красная зона,Боковик/Слабый тренд,Красная зона,Боковик/Слабый тренд,Красная зона,Боковик/Слабый тренд
JUPUSDT,48.9,52.1,56.0,57.4,56.5,55.0,59.4,58.2,Красная зона,Боковик/Слабый тренд,Бежевая зона,Боковик/Слабый тренд,Зеленая зона,Боковик/Слабый тренд,Зеленая зона,Боковик/Слабый тренд,Зеленая зона,Боковик/Слабый тренд,Бежевая зона,Боковик/Слабый тренд,Зеленая зона,Боковик/Слабый тренд,Зеленая зона,Боковик/Слабый тренд
PYTHUSDT,43.4,45.3,52.2,56.3,56.9,55.0,57.1,54.7,Красная зона,Боковик/Слабый тренд,Красная зона,Боковик/Слабый тренд,Бежевая зона,Боковик/Слабый тренд,Зеленая зона,Боковик/Слабый тренд,Зеленая зона,Боковик/Слабый тренд,Бежевая зона,Боковик/Слабый тренд,Зеленая зона,Боковик/Слабый тренд,Бежевая зона,Боковик/Слабый тренд
RONINUSDT,27.6,27.3,30.2,33.9,33.9,35.0,46.4,46.4,Красная зона,Зона бычьего дивера,Красная зона,Зона бычьего дивера,Красная зона,Боковик/Слабый тренд,Красная зона,Боковик/Слабый тренд,Красная зона,Боковик/Слабый тренд,Красная зона,Боковик/Слабый тренд,Красная зона,Боковик/Слабый тренд,Красная зона,Боковик/Слабый тренд
DYMUSDT,44.7,43.9,44.9,40.0,31.5,31.8,44.7,46.9,Красная зона,Боковик/Слабый тренд,Красная зона,Боковик/Слабый тренд,Красная зона,Боковик/Слабый тренд,Красная зона,Боковик/Слабый тренд,Красная зона,Боковик/Слабый тренд,Красная зона,Боковик/Слабый тренд,Красная зона,Боковик/Слабый тренд,Красная зона,Боковик/Слабый тренд
PIXELUSDT,36.1,34.3,36.8,36.0,35.9,37.1,41.8,35.6,Красная зона,Боковик/Слабый тренд,Красная зона,Боковик/Слабый тренд,Красная зона,Боковик/Слабый тренд,Красная зона,Боковик/Слабый тренд,Красная зона,Боковик/Слабый тренд,Красная зона,Боковик/Слабый тренд,Красная зона,Боковик/Слабый тренд,Красная зона,Боковик/Слабый тренд
STRKUSDT,37.7,33.6,37.6,36.7,38.6,39.4,43.4,34.8,Красная зона,Боковик/Слабый тренд,Красная зона,Боковик/Слабый тренд,Красная зона,Боковик/Слабый тренд,Красная зона,Боковик/Слабый тренд,Красная зона,Боковик/Слабый тренд,Красная зона,Боковик/Слабый тренд,Красная зона,Боковик/Слабый тренд,Красная зона,Боковик/Слабый тренд
PORTALUSDT,40.1,33.7,36.1,34.6,31.7,33.1,38.7,34.3,Красная зона,Боковик/Слабый тренд,Красная зона,Боковик/Слабый тренд,Красная зона,Боковик/Слабый тренд,Красная зона,Боковик/Слабый тренд,Красная зона,Боковик/Слабый тренд,Красная зона,Боковик/Слабый тренд,Красная зона,Боковик/Слабый тренд,Красная зона,Боковик/Слабый тренд
AXLUSDT,35.7,34.5,39.3,39.5,37.5,36.5,44.1,44.4,Красная зона,Боковик/Слабый тренд,Красная зона,Боковик/Слабый тренд,Красная зона,Боковик/Слабый тренд,Красная зона,Боковик/Слабый тренд,Красная зона,Боковик/Слабый тренд,Красная зона,Боковик/Слабый тренд,Красная зона,Боковик/Слабый тренд,Красная зона,Боковик/Слабый тренд
WIFUSDT,39.0,43.0,46.0,45.8,45.0,48.3,60.3,58.7,Красная зона,Боковик/Слабый тренд,Красная зона,Боковик/Слабый тренд,Красная зона,Боковик/Слабый тренд,Красная зона,Боковик/Слабый тренд,Красная зона,Боковик/Слабый тренд,Красная зона,Боковик/Слабый тренд,Зеленая зона,Боковик/Слабый тренд,Зеленая зона,Боковик/Слабый тренд
METISUSDT,41.9,46.2,48.9,51.2,50.7,53.1,58.7,54.1,Красная зона,Боковик/Слабый тренд,Красная зона,Боковик/Слабый тренд,Красная зона,Боковик/Слабый тренд,Бежевая зона,Боковик/Слабый тренд,Бежевая зона,Боковик/Слабый тренд,Бежевая зона,Боковик/Слабый тренд,Зеленая зона,Боковик/Слабый тренд,Бежевая зона,Боковик/Слабый тренд
AEVOUSDT,36.7,26.5,30.8,27.3,34.3,39.2,46.1,45.8,Красная зона,Боковик/Слабый тренд,Красная зона,Зона бычьего дивера,Красная зона,Боковик/Слабый тренд,Красная зона,Зона бычьего дивера,Красная зона,Боковик/Слабый тренд,Красная зона,Боковик/Слабый тренд,Красная зона,Боковик/Слабый тренд,Красная зона,Боковик/Слабый тренд
BOMEUSDT,44.6,45.2,49.7,50.0,46.6,43.8,48.7,47.6,Красная зона,Боковик/Слабый тренд,Красная зона,Боковик/Слабый тренд,Красная зона,Боковик/Слабый тренд,Бежевая зона,Боковик/Слабый тренд,Красная зона,Боковик/Слабый тренд,Красная зона,Боковик/Слабый тренд,Красная зона,Боковик/Слабый тренд,Красная зона,Боковик/Слабый тренд
ETHFIUSDT,41.0,35.3,35.6,33.2,37.1,40.6,45.7,40.0,Красная зона,Боковик/Слабый тренд,Красная зона,Боковик/Слабый тренд,Красная зона,Боковик/Слабый тренд,Красная зона,Боковик/Слабый тренд,Красная зона,Боковик/Слабый тренд,Красная зона,Боковик/Слабый тренд,Красная зона,Боковик/Слабый тренд,Красная зона,Боковик/Слабый тренд
ENAUSDT,37.5,35.6,40.2,47.6,50.3,50.3,50.8,44.9,Красная зона,Боковик/Слабый тренд,Красная зона,Боковик/Слабый тренд,Красная зона,Боковик/Слабый тренд,Красная зона,Боковик/Слабый тренд,Бежевая зона,Боковик/Слабый тренд,Бежевая зона,Боковик/Слабый тренд,Бежевая зона,Боковик/Слабый тренд,Красная зона,Боковик/Слабый тренд
WUSDT,36.1,29.9,35.9,34.2,34.8,38.2,44.8,41.9,Красная зона,Боковик/Слабый тренд,Красная зона,Зона бычьего дивера,Красная зона,Боковик/Слабый тренд,Красная зона,Боковик/Слабый тренд,Красная зона,Боковик/Слабый тренд,Красная зона,Боковик/Слабый тренд,Красная зона,Боковик/Слабый тренд,Красная зона,Боковик/Слабый тренд
TNSRUSDT,46.3,44.7,48.4,47.5,42.7,40.0,43.9,39.8,Красная зона,Боковик/Слабый тренд,Красная зона,Боковик/Слабый тренд,Красная зона,Боковик/Слабый тренд,Красная зона,Боковик/Слабый тренд,Красная зона,Боковик/Слабый тренд,Красная зона,Боковик/Слабый тренд,Красная зона,Боковик/Слабый тренд,Красная зона,Боковик/Слабый тренд
SAGAUSDT,40.0,38.8,43.1,44.1,42.7,42.9,48.5,47.5,Красная зона,Боковик/Слабый тренд,Красная зона,Боковик/Слабый тренд,Красная зона,Боковик/Слабый тренд,Красная зона,Боковик/Слабый тренд,Красная зона,Боковик/Слабый тренд,Красная зона,Боковик/Слабый тренд,Красная зона,Боковик/Слабый тренд,Красная зона,Боковик/Слабый тренд
TAOUSDT,55.8,50.5,53.0,55.8,54.5,53.5,59.5,58.7,Зеленая зона,Боковик/Слабый тренд,Бежевая зона,Боковик/Слабый тренд,Бежевая зона,Боковик/Слабый тренд,Зеленая зона,Боковик/Слабый тренд,Бежевая зона,Боковик/Слабый тренд,Бежевая зона,Боковик/Слабый тренд,Зеленая зона,Боковик/Слабый тренд,Зеленая зона,Боковик/Слабый тренд
OMNIUSDT,35.5,34.5,38.0,39.0,36.2,36.5,42.7,40.4,Красная зона,Боковик/Слабый тренд,Красная зона,Боковик/Слабый тренд,Красная зона,Боковик/Слабый тренд,Красная зона,Боковик/Слабый тренд,Красная зона,Боковик/Слабый тренд,Красная зона,Боковик/Слабый тренд,Красная зона,Боковик/Слабый тренд,Красная зона,Боковик/Слабый тренд
REZUSDT,47.9,36.4,38.8,41.9,44.7,46.5,47.2,40.1,Красная зона,Боковик/Слабый тренд,Красная зона,Боковик/Слабый тренд,Красная зона,Боковик/Слабый тренд,Красная зона,Боковик/Слабый тренд,Красная зона,Боковик/Слабый тренд,Красная зона,Боковик/Слабый тренд,Красная зона,Боковик/Слабый тренд,Красная зона,Боковик/Слабый тренд
BBUSDT,40.6,40.5,43.4,40.8,32.5,29.2,37.4,39.1,Красная зона,Боковик/Слабый тренд,Красная зона,Боковик/Слабый тренд,Красная зона,Боковик/Слабый тренд,Красная зона,Боковик/Слабый тренд,Красная зона,Боковик/Слабый тренд,Красная зона,Зона бычьего дивера,Красная зона,Боковик/Слабый тренд,Красная зона,Боковик/Слабый тренд
NOTUSDT,41.3,44.2,47.8,47.2,41.1,36.5,40.4,43.7,Красная зона,Боковик/Слабый тренд,Красная зона,Боковик/Слабый тренд,Красная зона,Боковик/Слабый тренд,Красная зона,Боковик/Слабый тренд,Красная зона,Боковик/Слабый тренд,Красная зона,Боковик/Слабый тренд,Красная зона,Боковик/Слабый тренд,Красная зона,Боковик/Слабый тренд
IOUSDT,39.2,41.0,46.8,49.9,45.7,45.1,48.7,47.3,Красная зона,Боковик/Слабый тренд,Красная зона,Боковик/Слабый тренд,Красная зона,Боковик/Слабый тренд,Красная зона,Боковик/Слабый тренд,Красная зона,Боковик/Слабый тренд,Красная зона,Боковик/Слабый тренд,Красная зона,Боковик/Слабый тренд,Красная зона,Боковик/Слабый тренд
ZKUSDT,36.6,29.7,33.8,34.3,35.4,39.8,46.2,46.0,Красная зона,Боковик/Слабый тренд,Красная зона,Зона бычьего дивера,Красная зона,Боковик/Слабый тренд,Красная зона,Боковик/Слабый тренд,Красная зона,Боковик/Слабый тренд,Красная зона,Боковик/Слабый тренд,Красная зона,Боковик/Слабый тренд,Красная зона,Боковик/Слабый тренд
LISTAUSDT,34.6,44.4,50.9,54.1,53.5,51.5,50.9,49.1,Красная зона,Боковик/Слабый тренд,Красная зона,Боковик/Слабый тренд,Бежевая зона,Боковик/Слабый тренд,Бежевая зона,Боковик/Слабый тренд,Бежевая зона,Боковик/Слабый тренд,Бежевая зона,Боковик/Слабый тренд,Бежевая зона,Боковик/Слабый тренд,Красная зона,Боковик/Слабый тренд
ZROUSDT,36.6,41.1,44.8,43.6,44.2,48.1,57.8,61.3,Красная зона,Боковик/Слабый тренд,Красная зона,Боковик/Слабый тренд,Красная зона,Боковик/Слабый тренд,Красная зона,Боковик/Слабый тренд,Красная зона,Боковик/Слабый тренд,Красная зона,Боковик/Слабый тренд,Зеленая зона,Боковик/Слабый тренд,Зеленая зона,Боковик/Слабый тренд
